谜面,谜底
谜面：半部春秋昭日月 （打二字《水浒传》人名）,谜底：秦明
谜面：春节一天作灯谜 （打一成语）,谜底：三人成虎?
谜面：少废话，快溜 （打一体育项目）,谜底：短道速滑
谜面：抬举你的老公 （打一体育项目）,谜底：高尔夫
谜面：春雨绵绵妻独宿 （打一成语）,谜底：天下无双
谜面：老泪流干 （打一字）,谜底：戾
谜面：雨后横山尘土净 （打一节气）,谜底：小雪
谜面：伯乐挥鞭 （打一成语）,谜底：骑马找马
谜面：开会之前先猜谜 （打一字）,谜底：狱
谜面：和氏璧 （打二字《红楼梦》人名）,谜底：宝玉
谜面：三人度日总俭省 （打一节日）,谜底：春节
谜面：雨下横山路泥泞 （打二字运动项目）,谜底：滑雪
谜面：干活适可而止 （打一节日名）,谜底：劳动节
谜面：一见孟德夫人乱 （打一成语）,谜底：大吉大利
谜面：日与月相连 （打一字）,谜底：明
谜面：大概二十出头 （打二字植物）,谜底：山药
谜面：杜十娘怒沉百宝箱 （打一成语）,谜底：一掷千金
谜面：独见明月在 （打三字旅游用语）,谜底：一日游
谜面：雨后归来见高堂 （打一节气）,谜底：小雪
谜面：真空之中 （打二字节日）,谜底：三八
谜面：放翁不管人间事 （打一成语）,谜底：游手好闲
谜面：白露沾我裳 （打一成语）,谜底：一衣带水
谜面：滴酒不漏 （打二字《红楼梦》人名）,谜底：惜春
谜面：基本相似 （打二字山西地名）,谜底：大同
谜面：风入枫林声声响 （打一字）,谜底：森
谜面：枝头早梅几朵开 （打一字）,谜底：森
谜面：秋后重逢在江西 （打一字）,谜底：淡
谜面：十二金钗，姣者三姐 （打四字常言）,谜底：尤为突出
谜面：赏心亭中观秋色 （打一字）,谜底：铝
谜面：梁山好汉排座次 （打一河流名）,谜底：长江
谜面：大模大样进典铺 （打一成语）,谜底：当之无愧
谜面：舅去了北边，娘去了东边 （打四字称谓）,谜底：剩男剩女
谜面：中国，好样的 （打三字电信名词）,谜底：神州行
谜面：仗赖朋友才致富 （打一成语）,谜底：不依不饶
谜面：围棋遇对手 （打一成语）,谜底：黑白不分
谜面：化妆技巧 （打一学科名）,谜底：美术
谜面：京剧唱腔 （打一词牌名）,谜底：声声慢
谜面：案中案 （打一字）,谜底：始
谜面：顺从即可委派 （打一成语）,谜底：听之任之
谜面：仅仅少两人 （打一字）,谜底：双
谜面：俺成了大人 （打二字物理名词）,谜底：电流
谜面：全部招供 （打一清代帝号）,谜底：道光
谜面：秋后相逢拱手别 （打一字）,谜底：烘
谜面：独到南京，雨声入耳 （打一字）,谜底：宇
谜面：只图内心合得来 （打一节气）,谜底：冬至
谜面：路灯亮了 （打一清朝年号）,谜底：道光
谜面：开罗 （打三字购物软件名）,谜底：拼多多
谜面：光头做导游 （打一成语）,谜底：引而不发
谜面：两人半途而废 （打一姓氏）,谜底：徐
谜面：入夜获梦 （打一姓氏）,谜底：林
谜面：居无定所 （打二字《水浒传》人名）,谜底：时迁
谜面：父兄喜爱赏桃花 （打一成语）,谜底：伯乐相马
谜面：晚桥落日一星浮 （打一字）,谜底：冤
谜面：恰似斜雁过西楼 （打一字）,谜底：朱
谜面：微型“出”字 （打一词牌名）,谜底：小重山
谜面：日中 （打一节日名）,谜底：端午
谜面：掀起盖头美人出 （打一字）,谜底：一
谜面：重阳有雨 （打一姓氏）,谜底：雷
谜面：彻底平冤案 （打一节气）,谜底：大雪
谜面：经商逆袭 （打二字城市名）,谜底：上海
谜面：排名之前 （打一节日）,谜底：除夕
谜面：东西收拾好 （打一学科名）,谜底：物理
谜面：归还一半少零头 （打一节气）,谜底：小雪
谜面：土生土长人n丽 （打一字）,谜底：佳
谜面：游了南岳到西 （打一姓氏）,谜底：邱
谜面：严禁请向导 （打一成语）,谜底：不得要领
谜面：60岁的追星族 （打三字食品）,谜底：花甲粉
谜面：顽童 （打二字电商公司名称）,谜底：淘宝
谜面：子由猜谜语 （打三字化学品名）,谜底：小苏打
谜面：自信满满 （打一古民族）,谜底：鲜卑
谜面：调解员声音发窘 （打一字）,谜底：
谜面：不是这头，就是那头 （打二字国家名）,谜底：中非
谜面：立见分晓 （打二字节日）,谜底：六一
谜面：入伍后非常谦虚 （打二字《三国演义》人名）,谜底：陆逊
谜面：寒秋日临近 （打一字）,谜底：香
谜面：来的都是客 （打二字地名）,谜底：广西
谜面：长乐宫吕后设计 （打二字邮政用语）,谜底：死信
谜面：雾中点点寒意到 （打一节气）,谜底：冬至
谜面：早上得绝句 （打一字）,谜底：甸
谜面：百无一是 （打一节气）,谜底：白露
谜面：他在西，我在东 （打一字）,谜底：伐
谜面：分是受旱，合是受涝 （打一字）,谜底：泛
谜面：多了一半 （打一节日）,谜底：除夕
谜面：不断用心改革 （打一字）,谜底：莲
谜面：牡丹映龙泉 （打二字体育项目）,谜底：花剑
谜面：庭院深深小弄浅 （打一成语）,谜底：家长里短
谜面：一自初冬到前方 （打一节气名）,谜底：夏至
谜面：举国上下齐欢庆 （打一成语）,谜底：乐在其中
谜面：站在图中 （打一节气）,谜底：立冬
谜面：每日开支 （打二字疾病）,谜底：天花
谜面：尖端制冷 （打一节气名）,谜底：小寒
谜面：广寒宫上度重阳 （打一字）,谜底：胃
谜面：窥视六国 （打二字北宋人名）,谜底：秦观
谜面：江边寺前遇知音 （打一字）,谜底：汁
谜面：国庆加班 （离合字）,谜底：十一干
谜面：倒数第一共相处 （打一姓氏）,谜底：黄
谜面：婚礼次日是中秋 （打一成语）,谜底：大喜过望
谜面：广西中秋月 （打二字水果）,谜底：桂圆
谜面：八月十五观钱江 （打二字股票词）,谜底：看涨
谜面：计划怀老二 （打二字汽车部件）,谜底：备胎
谜面：一直等到四点 （打一字）,谜底：慎
谜面：男人太假 （打古民族一）,谜底：女真
谜面：君子不动手 （打一字）,谜底：识
谜面：干部召回 （打二字围棋术语一）,谜底：收官
谜面：轻描淡写涂口红 （打一词牌名）,谜底：点绛唇
谜面：会下不见会上见 （打一字）,谜底：从
谜面：首次摸彩中大奖 （打一成语）,谜底：一触即发
谜面：此鼠不大 （打一姓氏）,谜底：孙
谜面：取前面重头戏 （打一姓氏）,谜底：聂
谜面：言教不如身教 （打一学科名）,谜底：体育
谜面：近乡山水异 （打一字）,谜底：绿
谜面：两心牵挂，愁忿俱生 （打二字节气）,谜底：秋分
谜面：人人都要有雄心 （打一字）,谜底：众
谜面：笑口常开 （打二字明朝年号）,谜底：永乐
谜面：岁首当勤俭 （打二字节日）,谜底：春节
谜面：用刀切去一多半 （打二字节日）,谜底：七夕
谜面：七夕相会抛媚眼 （打四字标语）,谜底：节约用电
谜面：书论秦逐客 （打一成语）,谜底：一表斯文
谜面：宋江前头走掉，将朱仝两人撇下 （打二字体育项目）,谜底：双杠
谜面：春日出游人不在 （打一少笔字）,谜底：三
谜面：素来节俭 （打离合字一）,谜底：自小省
谜面：旦将真心解愁心 （打一成语）,谜底：一日三秋
谜面：工余时间好读书 （打二字教育用语）,谜底：休学
谜面：差点就黑了 （打一字）,谜底：鸟
谜面：避讳只准称观音 （打一成语）,谜底：不可一世
谜面：小的不一样 （打一动物）,谜底：大象
谜面：香烟头 （打一节气）,谜底：秋分
谜面：家丑不可外扬 （打二字品牌）,谜底：蒙牛
谜面：只待雨淋头 （打一成语）,谜底：等而下之
谜面：高堂热难当 （打一节气）,谜底：小暑
谜面：生活在蒙古帐篷 （打四字招聘用语）,谜底：包吃包住
谜面：恋爱失败，含恨等待 （打五字常言）,谜底：成不了气候
谜面：两个姑娘一个儿 （打《长恨歌》一句）,谜底：不重生男重生女
谜面：左边不是，右也不是 （打一机构简称）,谜底：中行
谜面：双方团聚 （打二字货币名）,谜底：日圆
谜面：一点高升实可庆 （打一字）,谜底：厌
谜面：球迷情系西西里 （打一成语）,谜底：心满意足
谜面：观点都正确 （打一成语）,谜底：触目皆是
谜面：发言音太轻，听众有意见 （打一成语）,谜底：低声下气
谜面：二季度来临 （打一节气）,谜底：夏至
谜面：南京到首都须一日 （打一节气）,谜底：小暑
谜面：老丑宰鸡祭亡灵 （打一字）,谜底：鬼
谜面：国足缘何进入世界杯 （打四字新词）,谜底：纳米技术
谜面：海瑞、况钟、于谦、魏征、包拯 （打一成语）,谜底：五官端正
谜面：石旁停立六十天 （打一化学元素名称）,谜底：硼
谜面：闭口不言只管笑 （打一字）,谜底：哈
谜面：广西面貌 （打二字中药）,谜底：桂皮
谜面：孤儿失踪在夜半 （打二字食品名）,谜底：瓜子
谜面：开口对骂心不怵 （打二字体育项目）,谜底：马术
谜面：半夜萧萧闻雨声 （打一成语）,谜底：下落不明
谜面：赤水河 （打一词牌名）,谜底：满江红
谜面：三人伴音 （打一节气）,谜底：立春
谜面：情不自禁 （打二字疾病）,谜底：流感
谜面：犹见前方春色闹 （打一字）,谜底：猜
谜面：张清在前，秦明断后 （打二字中国城市）,谜底：长春
谜面：为何服用通病剂 （打一成语）,谜底：不解之缘
谜面：一夕 （打四字物理用语）,谜底：接触不良
谜面：飞黄腾达 （打二字体育项目）,谜底：跳马
谜面：再度游西湖 （打二字乐器）,谜底：二胡
谜面：总做无用功 （打三字酒名）,谜底：老白干
谜面：一把手调走旧貌改 （打一成语）,谜底：改头换面
谜面：戒酒 （打一词曲牌名）,谜底：春去也
谜面：实在讨厌 （打三字常言语）,谜底：空欢喜
谜面：岗位调换 （打一字）,谜底：岖
谜面：B超验明没怀儿 （打一成语）,谜底：子虚乌有
谜面：下雪 （打三字节日）,谜底：妇女节
谜面：明星得胜 （打三字旅游用语）,谜底：两日游
谜面：堂前池边两残花 （打一节气）,谜底：小满
谜面：六一童之节 （打一字）,谜底：里
谜面：小伙不轻浮 （打四字体育项目）,谜底：男子举重
谜面：听其声，出乎意料，观其貌，并非偶然 （打一字）,谜底：奇
谜面：按日轮值 （打离合字一）,谜底：一人一天
谜面：要真心别存恶心 （打二字城市名）,谜底：三亚
谜面：春事已了 （打二字节气）,谜底：夏至
谜面：前站就是中国 （打一节气名）,谜底：立夏
谜面：程颢兄弟创新派 （打三字学科名）,谜底：生理学
谜面：右盼左顾无踪影 （打一字）,谜底：颁
谜面：失街亭单斩马谡 （打一成语）,谜底：平安无事
谜面：玉口难开 （打一国际组织）,谜底：联合国
谜面：长生果 （打三字常言）,谜底：不老实
谜面：过目不忘 （打一文学体裁）,谜底：观后记
谜面：三八线为界 （打一朝代名）,谜底：南北朝
谜面：不胜惶恐 （打一字）,谜底：懒
谜面：虚心待人，认真读书 （打一学科名）,谜底：化学
谜面：三人同日出游 （打一词牌名）,谜底：春去也
谜面：远古风俗 （打一成语）,谜底：不近人情
谜面：江头可见夫人来 （打二字首都名）,谜底：河内
谜面：白马坡前日将落 （打一字）,谜底：坞
谜面：只有前言 （打二字年号）,谜底：光绪
谜面：金环与银环 （打三字《水浒传》人物绰号）,谜底：两头蛇
谜面：山边泉下有人来 （打二字花卉）,谜底：水仙
谜面：客到钱塘杜鹃鸣 （打一词牌名）,谜底：西江月
谜面：其中也有他 （打一字）,谜底：仁
谜面：奈何大人一一离去 （打二字谦词）,谜底：小可
谜面：前有宋清，后有龚旺 （打一成语）,谜底：乐在其中
谜面：围着火炉做游戏 （打三字口语）,谜底：凑热闹
谜面：春去也 （打一节气）,谜底：夏至
谜面：夸大其辞 （打一字）,谜底：亏
谜面：一一会师 （打二字官职）,谜底：元帅
谜面：当了情人人无奈 （打二字贬称谓）,谜底：小三
谜面：三人同日离开 （打一节气）,谜底：春分
谜面：专练外家拳 （打一成语）,谜底：不打自招
谜面：人生如戏 （打一字）,谜底：令
谜面：全面改革求变化 （打二字《水浒传》人名）,谜底：王伦
谜面：幕后一角 （打二字生活物）,谜底：毛巾
谜面：嫂子缺少好帮手 （打一字）,谜底：搜
谜面：春雨连绵妻独宿 （打一字）,谜底：一
谜面：雪后游西湖 （打一节气）,谜底：雨水
谜面：演员打斗真叫绝 （打一字）,谜底：角
谜面：元宵节前人微笑 （打一字）,谜底：莞
谜面：狂数钞票闹元宵 （打四字常言）,谜底：有点过节
谜面：元宵月光窗前洒 （打一字）,谜底：一
谜面：开春雨连绵 （打二字节日名）,谜底：三八
谜面：化装完人显俏 （打一节日名）,谜底：元宵
谜面：禾中长草心不忙 （打一节气）,谜底：芒种
谜面：引进人才留得住 （打一字）,谜底：主
谜面：拒收离婚判决书 （打一成语）,谜底：分文不取
谜面：春荷叶半开 （打一字）,谜底：草
谜面：掌管闽中，心系首都 （打一节气）,谜底：惊蛰
谜面：“神雕大侠”仍未来 （打一成语）,谜底：过犹不及
谜面：贾宝玉初试云雨情 （打三字花卉）,谜底：合欢花
谜面：断桥会 （打四字《水浒传》人物绰号一）,谜底：白面郎君
谜面：三十而立念师恩 （打一字）,谜底：莘
谜面：湖畔田间遇知音 （打一字）,谜底：汁
谜面：中华美德 （打二字历史名词）,谜底：三国
谜面：前头无人就叫余 （打一字）,谜底：俞
谜面：恻隐之心人有之 （打一字）,谜底：侧
谜面：谜无答案就发火 （打三字口语）,谜底：没底气
谜面：不要不好意思 （打一字）,谜底：土
谜面：商店老板盼兴旺 （打一成语）,谜底：卖主求荣
谜面：姑娘十八出洋去 （打五字成语）,谜底：女大不中留
谜面：有心结合配成双 （打二字舞蹈名）,谜底：恰恰
谜面：如何是好 （打三字体育名词）,谜底：女子组
谜面：错把梅花当桃花 （打一成语）,谜底：指鹿为马
谜面：僧尼共谋脱佛门 （打一成语）,谜底：约定俗成
谜面：“沙师弟和我，本事是比猴哥差点。” （打离合字一）,谜底：逊之孙
谜面：父亲帮忙，打赢官司 （打一成语）,谜底：大功告成
谜面：语吐温情 （打二字体育项目）,谜底：柔道
谜面：赛棋场上少不了我 （打一成语）,谜底：比下有余
谜面：万般皆下品 （打二字古官职）,谜底：尚书
谜面：连日想整容 （打二字花卉）,谜底：相思
谜面：男女情欲滥不得 （打二字节日）,谜底：春节
谜面：人要虚心 （打一年号）,谜底：成化
谜面：魂飞胆丧 （打一节气名）,谜底：大寒
谜面：独立劳动 （打离合字一）,谜底：全一人干
谜面：楚辞 （打三字口语）,谜底：别难过
谜面：朝见一片云 （打二字网络脱口秀节目）,谜底：晓说
谜面：连连称诺 （打二字经济作物）,谜底：可可
谜面：毫不利己 （打一乐器）,谜底：吉他
谜面：日日月月有变化 （打一化妆品）,谜底：胭脂
谜面：十有八九是优生 （打三字口语）,谜底：差不多
谜面：夜半闯敌营 （打一词牌名）,谜底：破阵子
谜面：可到桥头来 （打二字品牌）,谜底：柯达
谜面：须一点一点进口 （打二字经济作物）,谜底：毛豆
谜面：内部人手安排有方 （打二字菜肴）,谜底：扣肉
谜面：一付草药用一天 （打二字国家名）,谜底：约旦
谜面：大米 （打一成语）,谜底：诸如此类
谜面：他们从此离去 （打二字国家名）,谜底：也门
谜面：打电话代替函件 （打一成语）,谜底：言而无信
谜面：狗吠声连户内外 （打一字）,谜底：润
谜面：明末动乱 （打二字天文术语）,谜底：月相
谜面：春花秋月何时了？ （打二节气）,谜底：夏至、秋至
谜面：只要嫩的 （打二字作家）,谜底：老舍
谜面：奉先赶来拖公台 （打一西藏名胜）,谜底：布达拉宫
谜面：十分佩服 （打二字服装款式）,谜底：毛衣
谜面：武汉儿童 （打一词牌名）,谜底：江城子
谜面：古稀之年心不悲 （打一字）,谜底：辈
谜面：一米 （打八字常言）,谜底：来也匆匆，去也匆匆
谜面：姑娘不轻浮 （打四字体育项目）,谜底：女子举重
谜面：大水淹没，空前损失 （打二字工种）,谜底：电工
谜面：千杯万盏也不醉 （打一化学用品）,谜底：酒精
谜面：救援南京 （打二字山东地名）,谜底：济宁
谜面：园中观夜景 （打二字节日）,谜底：元宵
谜面：园中旧貌换新颜 （打一节日）,谜底：元旦
谜面：元旦前后揭晓 （打二字福建地名）,谜底：三明
谜面：宋公明一觉醒来 （打二字地名）,谜底：江苏
谜面：相逢遇雨落下来 （打一节气）,谜底：霜降
谜面：瞎凑合 （打一成语）,谜底：不见不散
谜面：皇上做寿不铺张 （打一节日）,谜底：圣诞节
谜面：准备前来 （打一节气名）,谜底：冬至
谜面：只因有身孕，难把对象找 （打一成语）,谜底：怀才不遇
谜面：妾身独自过去 （打一成语）,谜底：一如既往
谜面：大家讲话莫高声 （打三字春秋人名）,谜底：齐小白
谜面：上下前后都能找到 （打一字）,谜底：一
谜面：说上两句赶紧溜 （打四字体育项目）,谜底：短道速滑
谜面：大宋皇储 （打四字电影名）,谜底：赵氏孤儿
谜面：大胆改革 （打二字时间用语）,谜底：明天
谜面：大口加小口，猜回你别走，要是猜作咽，还不放你走 （打一字）,谜底：固
谜面：大有所得 （打二字《三国演义》人名）,谜底：孟获
谜面：害怕上当 （打一节气名）,谜底：小寒
谜面：睛空万里彩云飘 （打二字《红楼梦》人名）,谜底：晴雯
谜面：国父讲稿 （打三字文学体裁）,谜底：文言文
谜面：看颜色漂亮，见声音响亮 （打一字）,谜底：靓
谜面：君臣相见 （打一朝代名）,谜底：南北朝
谜面：皇娘实在傲慢 （打四字常言）,谜底：后果自负
谜面：心系人家生妒忌 （打一字）,谜底：妃
谜面：会心的一笑 （打一字）,谜底：兑
谜面：非洲姑娘 （打二字牙膏品牌）,谜底：黑妹
谜面：满汉全席 （打一字）,谜底：妩
谜面：御医 （打三字古代官职）,谜底：上大夫
谜面：别不高兴 （打二字书名）,谜底：楚辞
谜面：个个相助汗水流 （打一字）,谜底：竿
谜面：酉时一到自然醒 （打一字）,谜底：星
谜面：冰雪半掩塞上路 （打一节气）,谜底：寒露
谜面：改革的火种 （打二字节日名）,谜底：中秋
谜面：酥炸 （打二字节日）,谜底：中秋
谜面：别解方有味 （打一字）,谜底：未
谜面：一人留河东，一人去河西 （打三字电信设备）,谜底：大哥大
谜面：“看！前面还有另一座道院！” （打离合字一）,谜底：又见观
谜面：可杀而不可辱 （打三字节日名）,谜底：护士节
谜面：左边20日，右边30天 （打一字）,谜底：朝
谜面：唐中宗并不难看 （打一成语）,谜底：显而易见
谜面：不得不露头 （打一字）,谜底：杯
谜面：同心改革心不愁 （打二字节日名）,谜底：中秋
谜面：如把泰山倒过来 （打一字）,谜底：仗
谜面：何以仙及鸡犬 （打离合字一）,谜底：一人之达
谜面：冲制可可 （打一词牌名）,谜底：水调歌头
谜面：前轮不见了 （打一字）,谜底：轶
谜面：涂上白，反而黑 （打一字）,谜底：七
谜面：说是姓任 （打二字坚果名）,谜底：杏仁
谜面：虚心一点争上进 （打一节日名）,谜底：七夕
谜面：王羲之愿写《黄庭经》 （打二字动物名）,谜底：企鹅
谜面：挠痒要使劲 （打三字俗语）,谜底：抓重点
谜面：人人动手 （打一字）,谜底：竿
谜面：何以解忧？ （打二字娱乐场所）,谜底：酒吧
谜面：朝来见古庙 （打一字）,谜底：广
谜面：只有海空占优势 （打二字《三国演义》人名）,谜底：陆逊
谜面：汉高祖欲废刘盈 （打一成语）,谜底：称心如意
谜面：好吃，又好玩 （四字饮料品牌）,谜底：可口可乐
谜面：来日是大暑 （打一字）,谜底：奢
谜面：君 （打三字服装名）,谜底：连衣裙
谜面：男人不干我们干 （打一成语，虾须格）,谜底：好自为之
谜面：要案破后客心宽 （打二字城市名）,谜底：西安
谜面：老鼠不见了 （打一字）,谜底：一
谜面：本市一游 （打一字）,谜底：柿
谜面：如有人缘成姻缘 （打一字）,谜底：一
谜面：重逢于六一早上 （打二字神话人名）,谜底：观音
谜面：当头马 （打二字节日）,谜底：端午
谜面：椒红韭绿豆花黄 （打一成语）,谜底：面有菜色
谜面：中山男孩 （打离合字一）,谜底：孙小子
谜面：需要下面团结 （打一字）,谜底：耍
谜面：万般皆下品 （打一学科名）,谜底：高等数学
谜面：低声相依来说媒 （打一字）,谜底：楣
谜面：养儿方能称老子 （打二字食物）,谜底：木耳
谜面：湘莲应知袭人事 （打一成语）,谜底：寻花问柳
谜面：日子变了 （打一字）,谜底：阳
谜面：江头一人称酒仙 （打一省区名）,谜底：山西
谜面：以诚而服之 （打二字军事武器）,谜底：坦克
谜面：多才多艺耍得转 （打二字文体项目）,谜底：杂技
谜面：开心看得见 （打二字互联网公司）,谜底：乐视
谜面：老赵一走开，完全就变样 （打一食品）,谜底：元宵
谜面：园外隐约闻猿叫，小桥星月听萧声 （打一节日）,谜底：元宵
谜面：平桥改造见奇观 （打一字）,谜底：罕
谜面：没点良心人切齿 （打一字）,谜底：恨
谜面：悟空为大八戒二 （打二字城市名）,谜底：三沙
谜面：闻声一惊，并不难过 （打二字古籍）,谜底：易经
谜面：小两口阶前排污水 （打一省份简称）,谜底：鄂
谜面：两张五角旧换新 （打一节日）,谜底：元旦
谜面：存心弄得很荒唐 （打二字节日）,谜底：圣诞
谜面：一出新情况，就想鼓上蚤 （打一成语）,谜底：见异思迁
谜面：南京遇雨心中急 （打一节气）,谜底：小雪
谜面：插翅虎碰倒豹子头 （打一成语）,谜底：横冲直撞
谜面：终日望夫夫不归 （打三字航空术语）,谜底：全天候
谜面：挟天子以令诸侯 （打三字战国人名）,谜底：魏无忌
谜面：仁人有变化 （打二字品牌名）,谜底：大大
谜面：悟净脱逃 （打一物）,谜底：沙漏
谜面：高尔夫球场 （打一成语）,谜底：弹丸之地
谜面：二把手主持全面工作 （打一成语）,谜底：名副其实
谜面：翁处不知道 （打五字电视栏目）,谜底：爸爸去哪儿
谜面：唯独老公称娘子 （打一成语）,谜底：一夫当关
谜面：云长啊云长 （打一成语）,谜底：一语双关
谜面：坚 （打一节日）,谜底：双十一
谜面：鼠年预测 （打一词曲牌名）,谜底：卜算子
谜面：因有身孕难得一见 （打一成语）,谜底：怀才不遇
谜面：手下接令即放箭 （打一成语）,谜底：左右开弓
谜面：害怕公开 （打一节气名）,谜底：寒露
谜面：附加税 （打二字教育用语）,谜底：补课
谜面：“洒家乃七尺男儿也” （打一学科名）,谜底：古代汉语
谜面：前后乃鼓上蚤必经之路 （打一成语）,谜底：时过境迁
谜面：都是主人 （打二字城市名）,谜底：东京
谜面：某男某女 （打一人体部位）,谜底：无名指
谜面：不容分说 （打二字花卉）,谜底：合欢
谜面：一生大笑能几回 （打四字饮料）,谜底：非常可乐
谜面：甲申千里共婵娟 （打四字口语）,谜底：猴年马月
谜面：清风拂面中秋夜 （打一成语）,谜底：发扬光大
谜面：谜作不雅如武大之态 （打三字《水浒传》人物绰号）,谜底：矮脚虎
谜面：话说秦琼 （打三字南北朝人名）,谜底：陈叔宝
谜面：带头哭 （打二字语文名词）,谜底：引号
谜面：再三问来源 （打一贵州地名）,谜底：六盘水
谜面：弑君乃大逆不道 （打一成语）,谜底：伤天害理
谜面：枝头一点清风里，柳线三垂疏雨中。 （打一城市名）,谜底：杭州
谜面：变相回扣不堪入目 （打一字）,谜底：操
谜面：天下无俗人 （打一节气名）,谜底：谷雨
谜面：广播降温消息 （打一汉代人名，白头格）,谜底：韩信
谜面：你拍一，我拍一。 （打四字排球术语）,谜底：双人双打
谜面：脸上长斑心烦恼 （打五字口语）,谜底：有点不高兴
谜面：睹两边，打中间。 （打三字称谓）,谜底：目击者
谜面：男人的世界 （打二字体育用语）,谜底：女排
谜面：六一之夜 （打二字节日）,谜底：七夕
谜面：实习烫发 （打二字教育名词）,谜底：试卷
谜面：多半出于虚心 （打二字节日）,谜底：七夕
谜面：一日恰逢兄台来 （打一字）,谜底：比
谜面：从头到尾没来过重庆 （打一成语）,谜底：始终不渝
谜面：曲径长亭外，斜雁西湖边。 （打二字股市用语）,谜底：涨停
谜面：莲花池・白头格 （打一山东地名）,谜底：菏泽
谜面：要上南岳打秋千 （打一中国地名，二字）,谜底：山西
谜面：莲花初放正暑天 （打二字中药名）,谜底：茯苓
谜面：无人像我乐陶陶 （打一省份简称）,谜底：豫
谜面：小女月下多娇俏 （打一字）,谜底：侨
谜面：火箭枚重三万斤 （打一成语）,谜底：一发千钧
谜面：孤军作战 （打二字体育用语）,谜底：单打
谜面：更上一层楼 （打一《西游记》人名）,谜底：千里眼
谜面：航空送信 （打一江苏地名）,谜底：高邮
谜面：碰头便出丑 （打二字电脑名词）,谜底：硬件
谜面：冠军亚军 （打四字数学用语）,谜底：一元一次
谜面：古迹 （打二字秦代人名）,谜底：陈胜
谜面：错抛媚眼 （打四字体育用语）,谜底：传球失误
谜面：小小先生 （打二字称谓）,谜底：幼师
谜面：二人提前会小妹 （打一秦朝人名）,谜底：扶苏
谜面：平原君 （打二字旅游名词）,谜底：名胜
谜面：工业一定要改革 （打一旅游城市）,谜底：三亚
谜面：局部整容 （打五字生物用语）,谜底：不完全变态
谜面：媳妇走后每称孤 （打二字神话人物）,谜底：嫦娥
谜面：报名敬老院 （打六字电影名）,谜底：一个都不能少
谜面：直达车 （打二字节日名）,谜底：七一
谜面：自友一去容貌变 （打一节气名）,谜底：夏至
谜面：孔子生日 （打一节日名）,谜底：圣诞
谜面：擅长演说 （打一交通设施）,谜底：人行道
谜面：测验太多 （打二字教育用语）,谜底：考勤
谜面：理发之后又美容 （打一成语）,谜底：改头换面
谜面：都说价格上涨 （打四字地理名词）,谜底：云贵高原
谜面：项羽称霸 （打一云南地名）,谜底：楚雄
谜面：离别心添愁 （打一节气）,谜底：秋分
谜面：哑巴吃黄连 （打一成语）,谜底：不辞辛苦
谜面：兵发东吴 （打一法律名词）,谜底：侵权行为
谜面：三方提前 （打一法律名词）,谜底：回扣
谜面：青天作媒结良缘 （打四字法律词语）,谜底：包办婚姻
谜面：小朋友要俭省 （打一节日）,谜底：儿童节
谜面：娇滴滴一声 （打四字体育项目）,谜底：女子柔道
谜面：连累了红孩儿 （打三字中药名）,谜底：牵牛子
谜面：寄真心于笔下 （打一现代文人）,谜底：三毛
谜面：三十出头的男人 （打二字节日）,谜底：端阳
谜面：义务导游 （打二字医学名词）,谜底：白带
谜面：齐口称颂长不绝 （打三字北宋人名）,谜底：呼延赞
谜面：无法答下联 （打三字礼貌用语）,谜底：对不起
谜面：囹 （打三字民间游戏）,谜底：绕口令
谜面：各项工作都光荣 （打俗语三字）,谜底：行行好
谜面：姑娘性行淑静 （打四字体育项目）,谜底：女子举重
谜面：口齿清楚 （打一影视演员）,谜底：陈道明
谜面：专治感冒 （打三字医学用语）,谜底：破伤风
谜面：红孩儿 （打《水浒传》人名绰号一）,谜底：铁扇子
谜面：外孙真健美 （打离合字）,谜底：女子好
谜面：此公乃老将汉升 （打二字中药）,谜底：雄黄
谜面：声称掌握了一半 （打一字）,谜底：撑
谜面：何日燕归来 （打二字生物名词）,谜底：候鸟
谜面：十月怀胎 （打一学科名）,谜底：体育
谜面：小米二字重新搭配 （打二字食物）,谜底：粽
谜面：远离二奶小三 （打一成语，掉尾格）,谜底：不近人情
谜面：边声四起 （打一宁夏地名）,谜底：中宁
谜面：九九重阳 （打一汽车品牌）,谜底：本田
谜面：出淤泥而不染 （打一台湾地名，秋千格）,谜底：花莲
谜面：潘金莲暗中勾结西门庆 （打一成语）,谜底：大难临头
谜面：三而竭 （打《三字经》一句）,谜底：师之惰
谜面：翻手上篮得十分 （打一物，二字）,谜底：毛笔
谜面：劳动竞赛 （打一夏商人名）,谜底：比干
谜面：童装 （打俗语五字）,谜底：少来这一套
谜面：长得漂亮 （打一汽车品牌）,谜底：标致
谜面：乡村四月闲人少 （打一节气，白头格）,谜底：芒种
谜面：世上能有几人闲 （打一成语，卷帘格）,谜底：累见不鲜
谜面：多云无雨 （打三字酒名）,谜底：老白干
谜面：八戒大闹通天河 （打一食品名）,谜底：猪下水
谜面：温酒斩华雄 （打离合字）,谜底：刀至人倒
谜面：一见美色忘伤疼 （打一成语，卷帘格）,谜底：痛不欲生
谜面：王佐行使苦肉计 （打三字俗语）,谜底：留一手
谜面：二桃之争 （打四字《水浒传》人物诨名）,谜底：拼命三郎
谜面：苏武归汉心欢喜 （打俗语三字）,谜底：别胡说
谜面：枯木逢春 （打一五代十国人名）,谜底：柴荣
谜面：乡下俊妞 （离合字）,谜底：佳人土土
谜面：小小少年，很少烦恼。 （打一饮料商标）,谜底：娃哈哈
谜面：小说《怒火》 （打俗语三字）,谜底：书生气
谜面：鹤发童颜不老翁 （打一《水浒传》诨名）,谜底：一丈青
谜面：侵略战争 （打《桃花源记》一句）,谜底：武陵人
谜面：安得广厦千万间 （打一词曲牌名，上楼格）,谜底：有所思
谜面：窃以为不可自大 （打一成语，掉尾格）,谜底：做贼心虚
谜面：未来成果多 （打一字）,谜底：哆
谜面：不大检点 （打二字数学名词）,谜底：小数
谜面：南京盛夏 （打一节气名）,谜底：小暑
谜面：依然一脸淫邪气 （打一成语）,谜底：面不改色
谜面：太阳出，冰山融。 （打四字礼貌用语）,谜底：光临寒舍
谜面：赝品陈列室 （打二字学校用语）,谜底：放假
谜面：颠倒了唐明皇 （打一台湾地名）,谜底：基隆
谜面：东风吹醒陕西地 （打二字战国人名）,谜底：苏秦
谜面：昼夜生产 （打三字教育用语）,谜底：全日制
谜面：戴宗飞步下江州 （打四字邮政用语）,谜底：特快专递
谜面：老面子 （打二字中药名）,谜底：陈皮
谜面：天波府重振雄风 （打三字南宋人名）,谜底：杨再兴
谜面：火灾中心 （打一成语，双钩格）,谜底：不着边际
谜面：述说湖南掌故 （打三字《红楼梦》人名）,谜底：史湘云
谜面：不讲粗话 （打一科目名）,谜底：语文
谜面：先生妙笔能生花 （打三字西汉人名，卷帘格）,谜底：卓文君
谜面：西湖歌舞几时休 （打二字战国人名）,谜底：赵奢
谜面：文远不识文长知 （打一成语）,谜底：生张熟魏
谜面：笑口常开 （打一首都名）,谜底：多哈
谜面：马嵬坡上寄哀思 （打二字体育项目）,谜底：吊环
谜面：木头霉变 （打二字气象名词）,谜底：梅雨
谜面：闲不住 （打俗语四字）,谜底：思想工作
谜面：专营翡翠与玛瑙 （打一《红楼梦》人名）,谜底：贾宝玉
谜面：裹足不前 （打三字数学用语）,谜底：解方程
谜面：牛羊住一起，羊尾都挤偏。 （打一字）,谜底：羞
谜面：切豆腐 （打二字数学名词）,谜底：开方
谜面：只看不买 （打二字礼貌用语）,谜底：光顾
谜面：童话 （打二字春秋时期人名）,谜底：小白
谜面：双雕 （打一成语）,谜底：左右为难
谜面：零售 （打一国家名，梨花格）,谜底：丹麦
谜面：相聚日稀怨日增 （打一成语）,谜底：少见多怪
谜面：秀才不出门 （打三字电信用语）,谜底：全球通
谜面：大有燎原之势 （打一唐代人名）,谜底：孟浩然
谜面：唐宋元……民国 （打一节日）,谜底：清明节
谜面：又添了一口 （打一字）,谜底：亟
谜面：夜间鸿鸟飞 （打一广东地名）,谜底：江门
谜面：酸甜苦辣咸，一时全尝遍。 （打三字中药名）,谜底：五味子
谜面：男儿当自强 （打一《三国演义》人名）,谜底：孙坚
谜面：夜阑卧听风吹雨 （打一央视栏目）,谜底：朝闻天下
谜面：四川百姓 （打一首都名）,谜底：巴黎
谜面：一元八角六分 （打二字作家）,谜底：三毛
谜面：掩盖历史 （打二字国家名）,谜底：蒙古
谜面：竞聘职位成功 （打三字口语）,谜底：想当然
谜面：“含笑看吴钩” （打二字运动项目）,谜底：花剑
谜面：云开方见月 （打二字计生名词）,谜底：二胎
谜面：位居五爵不平凡 （打二字热词）,谜底：男神
谜面：恨海难填精卫情 （打五字电脑小游戏）,谜底：愤怒的小鸟
谜面：山东省、河南省 （打四字电视栏目）,谜底：鲁豫有约
谜面：昨晚西风过园林 （打四字文明用语）,谜底：必有重谢
谜面：颜渊曰 （打一自然现象）,谜底：回声（回音）
谜面：容易 （打二字戏曲表演形式）,谜底：变脸
谜面：早晚都有水 （打二字自然现象）,谜底：潮汐
谜面：2016 （打一传统智力玩具）,谜底：九连环
谜面：恭喜添丁 （打三字词牌名）,谜底：贺新郎
谜面：不练功夫来猜谜 （打四字《水浒传》典故）,谜底：武松打虎
谜面：早晨人人露笑脸 （打四字民族美食）,谜底：朝鲜冷面
谜面：老大宋公明 （打二字中国河流）,谜底：长江
谜面：哥哥就怕弟弟骄傲 （打两个节气）,谜底：大寒，小满
谜面：恰似双眼挂泪花 （打一常用软件）,谜底：QQ
谜面：相公金榜题名 （打二字古官职名）,谜底：中
谜面：三十分钟过泉城 （打中央电视台电视栏目名）,谜底：经济半小时
谜面：仙人在哪 （打一省份名）,谜底：山西
谜面：讲文明，讲礼貌。 （打二字明朝年号）,谜底：宣德
谜面：视同陌路 （打二字戏剧人物）,谜底：张生
谜面：三连维护高速路 （打四字饮料名）,谜底：营养快线
谜面：喜从何来 （打二字生理名词）,谜底：胎盘
谜面：一个撤职，一个升官。 （打二字电信用语）,谜底：免提
谜面：真心巧变 （打二字工业名词）,谜底：化工
谜面：有时亦惆怅 （打四字饮料名）,谜底：非常可乐
谜面：梁祝化蝶 （打二字航空用语）,谜底：双飞
谜面：雨后重阳落木黄 （打二字《水浒传》人名）,谜底：雷横
谜面：有心安慰已太晚 （打一复姓）,谜底：尉迟
谜面：重复说要把谜猜 （打二字礼貌用语）,谜底：谢谢
谜面：总是说要做 （打三字酒名）,谜底：老白干
谜面：女儿们总要回娘家 （打一李白诗句）,谜底：千金散尽还复来
谜面：嫁得金龟婿 （打一明代作家）,谜底：归有光
谜面：日子全靠巧安排 （打二字食品商标）,谜底：旺仔
谜面：此公之后，必有奇才。 （打一生肖）,谜底：猴
谜面：同到陕西，听其琴声。 （打二字歌手名）,谜底：齐秦
谜面：可汗大点兵 （打四字网络名词）,谜底：官方补丁
谜面：求和不是安邦计 （打三字古籍名）,谜底：战国策
谜面：喋喋不休 （打三字电影名）,谜底：无间道
谜面：招手开口约廊下 （打二字歌手名）,谜底：刀郎
谜面：赌场骗子找骗子 （打四字国外电影）,谜底：千与千寻
谜面：神不知鬼不觉 （打三字口语）,谜底：明白人
谜面：黑白无常 （打二字贬称谓）,谜底：色鬼
谜面：衣来伸手 （打二字影视名词，秋千格）,谜底：穿帮
谜面：两耳不闻婚嫁事 （打二字河北地名）,谜底：邯郸
谜面：本月计划 （打二字节日名）,谜底：五四
谜面：反扣菜盘 （打三字中药名）,谜底：覆盆子
谜面：病房 （打一成语，双钩格）,谜底：别来无恙
谜面：拒绝参观比萨塔 （打一成语）,谜底：目不斜视
谜面：旧雨重逢须见宥 （打三字元代人名）,谜底：陈友谅
谜面：冰川解冻后，鸿鸟飞东坡。 （打一省区名）,谜底：江苏
谜面：出门不容易 （打一成语，掉尾格）,谜底：在所难免
谜面：从此点滴不含糊 （打二字中药名）,谜底：柴胡
谜面：指鹿为马者安在 （打一成语）,谜底：高而不危
谜面：无须挂齿 （打二字电信用语）,谜底：免提
谜面：鞠躬九十度 （打二字城市名，粉底格）,谜底：大理
谜面：婚礼进行曲 （打二字音乐用语）,谜底：配乐
谜面：八骏图集 （打二字首都名）,谜底：罗马
谜面：桃园结义音已断 （打一节气名）,谜底：立春
谜面：思君那得不悲伤 （打三字战国人名）,谜底：楚怀王
谜面：只怨初夏来 （打二字《红楼梦》人名）,谜底：惜春
谜面：贵州省 （打二字中药名）,谜底：川贝
谜面：秤准量足 （打二字礼貌用语）,谜底：保重
谜面：四川盆地居何方 （打二字国家名）,谜底：巴西
谜面：不演生旦丑末 （打二字文明用语）,谜底：干净
谜面：紫电青霜 （打二字体育项目）,谜底：重剑
谜面：边卒 （打三字药品名）,谜底：车前子
谜面：一局棋罢再登山 （打四字交通用语）,谜底：先下后上
谜面：再受禅依样画葫芦 （打四字西汉人名）,谜底：司马相如
谜面：五分钱 （打二字数学名词）,谜底：半角
谜面：深夜来访 （打二字计算机用语）,谜底：黑客
谜面：他方寸零乱，俺面庞瘦损。 （打三字明朝人名）,谜底：施耐庵
谜面：冬去春来又夏至 （打三字节日名）,谜底：中秋节
谜面：禁止强拆 （打二字《水浒传》人名）,谜底：杜迁
谜面：青梅煮酒论英雄 （打五字比赛用语）,谜底：下一个准备
谜面：久雨初晴 （打一中国城市）,谜底：贵阳
谜面：泉水枯竭 （打一节气名）,谜底：白露
谜面：合纵抗秦 （打三字集邮用语）,谜底：六方连
谜面：美人一直不得见，酒后失态卧川中。 （打一中国地名）,谜底：兰州
谜面：两眼泪双流 （打一软件名）,谜底：QQ
谜面：守口如瓶 （打二字语文用语）,谜底：别传
谜面：空欢喜 （打一古代人名）,谜底：白居易
谜面：否 （打三字教育用语）,谜底：不及格
谜面：闲中同伴遣愁心 （打二字《红楼梦》人名）,谜底：秋桐
谜面：相会在清晨 （打二字国家）,谜底：约旦
谜面：阵前摆宴 （打一河南地名）,谜底：安阳
谜面：察颜观色 （打二字战国人名）,谜底：张仪
谜面：豆腐西施 （打一成语，虾须格）,谜底：好事多磨
谜面：双双驯马去 （打一中国地名）,谜底：四川
谜面：甲子 （打四字体育用语）,谜底：并列第一
谜面：天下大白 （打二字中药名，秋千格）,谜底：百合
谜面：逐步奔小康 （打一《三国演义》人名）,谜底：徐庶
谜面：岁首待客不铺张 （打一中国地名）,谜底：山西省
谜面：宝玉出走牵连下人 （打一字）,谜底：定
谜面：弄璋之喜 （打二字学校称谓）,谜底：男生
谜面：吴公偶遇两头蛇 （打二字中药名）,谜底：蜈蚣
谜面：下围棋黑子输了 （打一《水浒传》人名）,谜底：白胜
谜面：芙蓉出金城 （打二字国家名）,谜底：荷兰
谜面：仙人已驾黄鹤游 （打一成语）,谜底：神不守舍
谜面：遇水变混浊 （打二字生物名词）,谜底：昆虫
谜面：萧何力荐大将才，潘安车出洛阳道。 （打六字成语）,谜底：言必信，行必果
谜面：知了知了 （打二字体育用语）,谜底：蝉联
谜面：往来无白丁 （打一春秋人名，碎锦格）,谜底：管仲
谜面：集体平反 （打一节气）,谜底：大雪
谜面：韩信十面埋伏 （打一《三国演义》人名）,谜底：关羽
谜面：若不造反，未必会乱。 （打一字）,谜底：举
谜面：八宝饭比八宝粥价廉 （打五字成语）,谜底：物以稀为贵
谜面：望穹苍 （打一歌手名）,谜底：张宇
谜面：轻舟逐浪送离愁 （打一字）,谜底：秋
谜面：金眼彪美髯公二次来访 （打一成语）,谜底：恩同再造
谜面：一人之下，万人之上。 （打二字教育用语）,谜底：职高
谜面：杜康井 （打一甘肃地名）,谜底：酒泉
谜面：节约用电，随手熄灯。 （打四字礼物用语）,谜底：请多关照
谜面：一行何许人也 （打一《西游记》人名）,谜底：唐僧
谜面：回看三兄换新貌 （打一中国地名）,谜底：四川
谜面：藕叶不厚 （打二字中药名）,谜底：薄荷
谜面：贤妻良母 （打一古人名）,谜底：妇好
谜面：霹雳一声光耀眼 （打四字电信业务）,谜底：来电显示
谜面：自成交易莫声张 （打三字唐代人名）,谜底：李商隐
谜面：夜夜谈箭术 （打二字礼貌用语）,谜底：多谢
谜面：上面有两个，底下有一对。 （打一字）,谜底：竺
谜面：先谈仁义，再谈买卖。 （打三字国家）,谜底：叙利亚
谜面：晶体结构 （打三字学校用语）,谜底：全日制
谜面：整容技艺 （打一学科名）,谜底：美术
谜面：秋叶正离离 （打一字）,谜底：和
谜面：城门失火 （打三字菜肴名）,谜底：烧带鱼
谜面：拔河的拔河，聊天的聊天。 （打一成语）,谜底：拉拉扯扯
谜面：寸土必争 （打二字物品）,谜底：地图
谜面：聊斋先生才能出众 （打三字植物名）,谜底：蒲公英
谜面：云长非曹家之臣 （打三字元代人名）,谜底：关汉卿
谜面：七 （打三字西药名）,谜底：白加黑
谜面：丑末寅初 （打二字歌手）,谜底：黎明
谜面：广播有雨 （打多字成语）,谜底：大白于天下
谜面：九人 （打一成语）,谜底：反目成仇
谜面：坐怀不乱 （打四字体育项目）,谜底：男子举重
谜面：棋类培训班 （打三字机构名称）,谜底：教育局
谜面：南望六桥，一点帆影。 （打二字《西游记》人名）,谜底：玉帝
谜面：某先会合鲁子敬 （打一省区名）,谜底：甘肃
谜面：指腹为婚 （打三字历史用语）,谜底：隆中对
谜面：夕阳西下几时回 （打三字礼貌用语）,谜底：明天见
谜面：秋波相送董仲颖 （打一字）,谜底：棹
谜面：天大的误会 （打一成语）,谜底：一字之差
谜面：减轻负担 （打二字中药名）,谜底：薄荷
谜面：鱼目混珠 （打三字《红楼梦》人名，白头格）,谜底：贾宝玉
谜面：成双结对去，接二连三来。 （打四字数学名词）,谜底：四舍五入
谜面：此枚铜钱不一般 （打二字《西游记》人名）,谜底：文殊
谜面：名扬四方，芳心倾倒。 （打一字）,谜底：外
谜面：夸父逐日，嫦娥奔月。 （打一成语）,谜底：远走高飞
谜面：李白沉河欲揽月，屈原投江为报国。 （打四字体育项目）,谜底：双人跳水
谜面：黑棋输了 （打一《水浒传》》人名）,谜底：白胜
谜面：瞎子唱花脸 （打俗语五字）,谜底：眼不见为净
谜面：失去玄德境堪忧 （打一成语）,谜底：无备乃患
谜面：只因没有用心记 （打一成语，双钩格）,谜底：忘乎所以
谜面：陕甘省府旧貌变 （打三字国家名）,谜底：新西兰
谜面：西方不亮 （打二字计算机用语）,谜底：黑客
谜面：不知心恨谁，两眼泪汪汪。 （打四字天气用语）,谜底：空气对流
谜面：绿化海南 （打一城市名）,谜底：青岛
谜面：十八子在一起 （打三字明末人名）,谜底：李自成
谜面：娥眉不肯让人 （打四字礼物用语）,谜底：女士优先
谜面：半匹红绡一丈绫 （打二字电信用语）,谜底：充值
谜面：体贴未婚夫，勤俭办喜事。 （打三字节日名）,谜底：情人节
谜面：两个花脸齐倾杯 （打一成语）,谜底：一干二净
谜面：不拘一格 （打一字）,谜底：呸
谜面：过了羊年是猴年 （打一《水浒传》人物）,谜底：时迁
谜面：氮磷钾混用 （打二字城市名）,谜底：合肥
谜面：北风那个吹 （打五字天气用语）,谜底：冷空气南下
谜面：摩拳擦掌 （打二字数学用语）,谜底：等角
谜面：马屁拍得黏糊糊 （打二字中药名）,谜底：阿胶
谜面：名落孙山 （打二字国家名，秋千格）,谜底：中非
谜面：半部春秋重复看 （打二字北宋人名）,谜底：秦观
谜面：没个想交往的 （打一成语）,谜底：一无是处
谜面：姑娘办事不轻率 （打四字体育项目）,谜底：女子举重
谜面：冰棍雪糕莫贪吃 （打一节日名）,谜底：寒食节
谜面：何以克刚 （打二字北京地名）,谜底：怀柔
谜面：远近高低各不同 （打三字旅游名词）,谜底：风景区
谜面：羽 （打二字教育用语）,谜底：复习
谜面：媳妇照顾公公 （打俗语三字）,谜底：妻管严
谜面：相逢在雨下 （打一节气）,谜底：霜降
谜面：有失良人本色 （打一春秋人名）,谜底：夫差
谜面：郢歌“下里巴人” （打一城市）,谜底：呼和浩特
谜面：三国霸主只曹刘 （打二字体育用语）,谜底：弃权
谜面：今别贵州去 （打一字）,谜底：黑
谜面：没人猜我只好揭底 （打一成语）,谜底：不打自招
谜面：辞别娘亲 （打二字数学名词）,谜底：分母
谜面：慎重考虑须用心 （打一《西游记》人名）,谜底：真真
谜面：正午话重阳 （打二字河南地名）,谜底：许昌
谜面：六十君颜变 （打三字花卉）,谜底：芙蓉花
谜面：独留青冢向黄昏 （打三字《西游记》人名）,谜底：地藏王
谜面：谢绝媒妁之言 （打四字礼貌用语）,谜底：不要介意
谜面：虚心话 （打一文学体裁）,谜底：七言
谜面：丰奢的一餐 （打一首都名）,谜底：华盛顿
谜面：连日省吃又俭用 （打三字节日名）,谜底：重阳节
谜面：带鱼不多 （打一字）,谜底：羊
谜面：如何夹得出 （打一省区名）,谜底：陕西省
谜面：阮籍目，林逋妻，子猷宠，伯乐顾。 （打一成语）,谜底：青梅竹马
谜面：劳动竞赛 （打二字商朝人名）,谜底：比干
谜面：合欢鸳鸯 （打二字体育项目）,谜底：花剑
谜面：荀爽因何登三公 （打一成语）,谜底：高才卓识
谜面：双双过红河 （打四字历史用语）,谜底：四渡赤水
谜面：频频读书 （打一学科名）,谜底：数学
谜面：百分之一克 （打二字《水浒传》人名）,谜底：白胜
谜面：始终不见人离位 （打二字节气名）,谜底：立冬
谜面：恻隐之心，人皆有之。 （打一字）,谜底：侧
谜面：垓下之围 （打二字《三国演义》人名）,谜底：关羽
谜面：倒吊兰 （打二字节日名）,谜底：三八
谜面：投笔从戎效古人 （打三字学校用语）,谜底：学前班
谜面：曹操读罢陈琳檄 （打三字中成药名）,谜底：惊风散
谜面：江西省 （打二字词语）,谜底：打工
谜面：赤发鬼一躲二闪 （打三字《西游记》人名）,谜底：唐三藏
谜面：其非罪也 （打一首都名）,谜底：莫斯科
谜面：杏枝又飘残叶落 （打一字）,谜底：林
谜面：吾上高校两年后，身材臃肿像水桶。 （打一成语）,谜底：五大三粗
谜面：莲塘幽谷两君子 （打二字国家名）,谜底：荷兰
谜面：一意孤行 （打一河北地名，徐妃格）,谜底：邯郸
谜面：张松献地图 （打一成语）,谜底：开卷有益
谜面：六军不发无奈何 （打四字股市用语）,谜底：上行受阻
谜面：当无可讳言 （打二字《三国演义》人名）,谜底：典韦
谜面：瞧得上眼点点头 （打二字《红楼梦》人名）,谜底：焦大
谜面：做人虚心正直，一一记住方可。 （打二字戏剧行当）,谜底：花旦
谜面：台下帮后进，真心点点见。 （打二字花卉）,谜底：吊兰
谜面：寿比南山 （打三字学校用语）,谜底：特长生
谜面：水位上涨流水清 （打二字《水浒传》人名）,谜底：张青
谜面：机构整编，一心转干。 （打二字出版名词）,谜底：杂志
谜面：向来事业竟徒劳 （打三字酒名）,谜底：老白干
谜面：八十四小时 （打一成语）,谜底：朝三暮四
谜面：为人都有三分错 （打二字称谓）,谜底：丈夫
谜面：尉迟恭阵亡，秦叔宝归天。 （打三字《水浒传》人名绰号）,谜底：丧门神
谜面：关张相见 （打三字外国名著）,谜底：红与黑
谜面：顾影无如白发何 （打三字神话人物）,谜底：张果老
谜面：对牛弹琴 （打二字媒体用语）,谜底：丑闻
谜面：出嫁后，体重减轻。 （打五字宋词一句）,谜底：人比黄花瘦
谜面：加两点 （打一成语）,谜底：尽力而为
谜面：后天举行半决赛 （打一节气）,谜底：大寒
谜面：铅球选手炫金牌 （打一成语）,谜底：丢人现眼
谜面：希望全进入重点 （打二字作家）,谜底：巴金
谜面：一人进入半决赛 （打二字节气）,谜底：大寒
谜面：东坡交友广 （打一演员）,谜底：苏有朋
谜面：南宁初秋艳阳照 （打二字花名）,谜底：丁香
谜面：中文日记 （打三字古籍名）,谜底：三国志
谜面：南宋北宋好动乱 （打二字电影导演）,谜底：李安
谜面：残花伴残月，自古玉人随。 （打二字称谓）,谜底：尼姑
谜面：红掌拨清波 （打三字食品名）,谜底：鹅下水
谜面：云破月来鸟飞鸣 （打二字计生名词）,谜底：二胎
谜面：应酬要有先后 （打二字城市名）,谜底：广州
谜面：一群天文爱好者 （打三字娱乐界称谓）,谜底：追星族
谜面：看似反复无常 （打一电影名）,谜底：见鬼2
谜面：人中豪杰赵匡胤 （打一歌手名）,谜底：宋祖英
谜面：围墙拆去售东西 （打二字歌手名）,谜底：韦唯
谜面：附耳过来 （打六字歌曲名）,谜底：轻轻地告诉你
谜面：此女真俗 （打二字小说家）,谜底：金庸
谜面：何谓酒鬼 （打三字俗语）,谜底：拼命干
谜面：双打记录 （打四字古代著作）,谜底：二十四史
谜面：入夜问卜喜弄璋 （打二字称谓）,谜底：外甥
谜面：从前有过远大的抱负 （打三字香港艺人）,谜底：曾志伟
谜面：春分三日草木多 （打二字饮食名词）,谜底：早茶
谜面：门外汉猜谜 （打三字通讯用语）,谜底：打不通
谜面：股价下跌，缘何不乐。 （打二字床上用品）,谜底：被套
谜面：甜和尚（打一《西游记》人物）,谜底：唐僧
谜面：瞎凑合 （打四字电影名）,谜底：不见不散
谜面：他人不在，去了闹市。 （打二字国家名）,谜底：也门
谜面：宋清龚旺排前后 （打一成语）,谜底：乐在其中
谜面：昨卖一毛八，现在一毛五。 （打《前出师表》一句）,谜底：今天下三分
谜面：反手上篮逼声近 （打一字）,谜底：笔
谜面：百分之二十靠前 （打一常用称谓）,谜底：80后
谜面：身教 （打一学科名）,谜底：体育
谜面：残局拼杀失先机 （打二字家具）,谜底：屏风
谜面：鼓上蚤悄悄行事，入云龙念念装神。 （打七言唐诗句）,谜底：此时无声胜有声
谜面：院中只剩一旗杆 （打四字电影）,谜底：没完没了
谜面：山西凉拌 （打二字外国领导人）,谜底：普京
谜面：来个黑的正是李逵 （打二字气象名词）,谜底：旋风
谜面：展示良好关系 （打三字《水浒传》人名）,谜底：孙二娘
谜面：手可摘星辰 （打一梁山好汉绰号）,谜底：摸着天
谜面：看起来不偏不倚 （打二字古代科学家名）,谜底：张衡
谜面：何人手诛陆虞候 （打五字歌曲名）,谜底：冲动的惩罚
谜面：麻将赢在不做假 （打三字饮料名）,谜底：和其正
谜面：拆去图框 （打一节气）,谜底：冬至
谜面：公厕实行有偿服务 （打一成语）,谜底：令人费解
谜面：鬓发各已苍 （打六字电影名）,谜底：一个都不能少
谜面：自揭其短 （打《桃花源记》一句）,谜底：不足为外人道也
谜面：首次合作获银牌 （打二字旅游城市名）,谜底：三亚
谜面：都在望明月 （打四字礼貌用语）,谜底：大家赏光
谜面：爆竹声中辞旧岁 （打一《红楼梦》人名）,谜底：迎春
谜面：人人同心又争先 （打二字花名）,谜底：合欢
谜面：昔日的重庆 （打二字国家名）,谜底：古巴
谜面：让火给烧个半死 （打二字《红楼梦》人物）,谜底：焦大
谜面：案中有头没有尾 （打二字称谓）,谜底：女友
谜面：在纤绳上荡悠悠 （打一三国人名）,谜底：徐晃
谜面：举袋扑萤 （打二字称谓）,谜底：网虫
谜面：青梅竹马两无猜 （打五字口语）,谜底：不大好相处
谜面：鬼子急得团团转 （打一离合字）,谜底：日军晕
谜面：罗盘 （打一朝代名）,谜底：南北朝
谜面：牙牙学语 （打一文学体裁）,谜底：童话
谜面：提前一日再相逢 （打一食品）,谜底：担担面
谜面：给螃蟹做衣服 （打一《水浒传》人物）,谜底：石秀
谜面：亲小人，远贤臣。 （打四字电工用语）,谜底：接触不良
谜面：南北一逢两倾心 （打二字商朝人名）,谜底：比干
谜面：感情深一口闷 （打一词牌名）,谜底：春光好
谜面：情舍梅竹和黄花 （打一国家名）,谜底：爱尔兰
谜面：接待客人，无微不至。 （打一朝代名）,谜底：东周
谜面： 话说三棵树 （打二字首都名）,谜底：柏林
谜面：试猜灯谜 （打二字股票术语）,谜底：探底
谜面：宋公明束手无策 （打一成语）,谜底：江郎才尽
谜面：频道 （打二字天气用语）,谜底：多云
谜面：只盼三九到 （打一欧洲国家名）,谜底：希腊
谜面：有为等着瞧消息 （打四字《西游记》人名）,谜底：南海观音
谜面：包二奶事发，只好去自首。 （打一成语）,谜底：负荆请罪
谜面：口条 （打三字计算机用语）,谜底：格式化
谜面：陆逊大怒 （打五字成语）,谜底：书生气十足
谜面：两个连顶上一个师 （打一字）,谜底：筛
谜面：源头枯竭河见底，此谜无格。 （打二字东汉人名),谜底：丁原
谜面：乌云散去 （打三字礼貌用语）,谜底：明天见
谜面：玉容敷粉 （打二字运动项目）,谜底：相扑
谜面：陈桥兵变令人疑 （打三字《西游记》妖怪名）,谜底：黄袍怪
谜面：老丈人搭飞机 （打二字宋朝人名）,谜底：岳飞
谜面：东邻西舍都致富 （打一成语）,谜底：隔墙有耳
谜面：三代通晓天文学 （打三字《西游记》人名）,谜底：孙悟空
谜面：洛阳名花付水流 （打一黑龙江地名）,谜底：牡丹江
谜面：孩童打官司没用 （打一《三国演义》人名）,谜底：孙皓
谜面：正确对待错误 （打一字）,谜底：艾
谜面：大夫制谜 （打一成语）,谜底：三人成虎
谜面：基本一样 （打一山西地名）,谜底：大同
谜面：辞别姑母武则天 （打一成语）,谜底：三思而行
谜面：末了移一笔 （打一明末人名）,谜底：李自成
谜面：意中真心想得子 （打二字节日名）,谜底：元旦
谜面：个个都到贵阳来 （打一字）,谜底：巩
谜面：桂英想见老母亲 （打一《射雕英雄传》人物）,谜底：穆念慈
谜面：出版之后 （打一成语）,谜底：打成一片
谜面：山东安静 （打一《三国演义》人名）,谜底：鲁肃
谜面：城门失火 （打一成语）,谜底：河鱼之患
谜面：七六 （打一国家名）,谜底：希腊
谜面：别悲伤 （打二字古著作）,谜底：楚辞
谜面：只见枝繁叶茂 （打一植物）,谜底：无花果
谜面：叶公的心病 （打二字动物）,谜底：恐龙
谜面：当代楷模与日多 （打二字秦代人名）,谜底：范增
谜面：尺寸分明 （打三字天气用语）,谜底：能见度
谜面：空心菜 （打一成语）,谜底：一草一木
谜面：不深刻 （打二字美术用语）,谜底：浮雕
谜面：明星取胜靠什么 （打三字节日名）,谜底：重阳节
谜面：爱须相许伴如初 （打二字电信用语）,谜底：彩信
谜面：藏于地下 （打一离合字）,谜底：土里埋
谜面：众里寻他千百度 （打三字礼物用语）,谜底：回头见
谜面：发廊停业起骚乱 （打一成语）,谜底：无理取闹
谜面：转嗔为喜 （打一春秋人名）,谜底：颜回
谜面：北西东方皆衰败 （打二字城市名）,谜底：南昌
谜面：清明协商去开罗 （打一成语）,谜底：朝三暮四
谜面：妻子隐瞒过去事 （打一省区名）,谜底：内蒙古
谜面：配音演员 （打四字学校用语）,谜底：专业对口
谜面：子牙火烧琵琶精 （打一成语）,谜底：玉石俱焚
谜面：女皇 （打四字天气用语）,谜底：以阴为主
谜面：尖在上，不在下。 （打一字）,谜底：小
谜面：葭萌关张飞讨战 （打一《水浒传》人名）,谜底：索超
谜面：全天搞改革 （打一《红楼梦》人名）,谜底：王夫人
谜面：发 （打三字节日）,谜底：泼水节
谜面：孔门贤人 （打一成语）,谜底：七十二行
谜面：几时白发变童颜 （打三字中药）,谜底：何首乌
谜面：日月共存 （打二字节日）,谜底：腊八
谜面：少数人减肥 （打三字礼貌用语）,谜底：多保重
谜面：调查组 （打二字国家名）,谜底：日本
谜面：刘彻何许人也 （打一城市名，秋千格）,谜底：武汉
谜面：节育措施拖不得 （打一《水浒传》人名）,谜底：方腊
谜面：话说光武帝 （打一字）,谜底：诱
谜面：两角零头 （打三字天气用语）,谜底：毛毛雨
谜面：鲸鱼西游 （打一首都名）,谜底：东京
谜面：结绳记事 （打一学科名）,谜底：代数
谜面：残月重山傍水源 （打一战国人名）,谜底：屈原
谜面：敬人者，人恒敬之。 （打一成语）,谜底：礼尚往来
谜面：丫丫倒立 （打一成语）,谜底：判若两人
谜面：真心归隐 （打二字《西游记》人名）,谜底：三藏
谜面：霆锋口头猜谜 （打一离合字）,谜底：谢言射
谜面：严禁浪费 （打三字节日）,谜底：父亲节
谜面：解除婚约 （打二字物理用语）,谜底：绝缘
谜面：允许调查 （打三字教育用语）,谜底：准考证
谜面：借钱得把东西送 （打一字）,谜底：错
谜面：名门闺秀 （打三字礼貌用语）,谜底：大家好
谜面：但见来人似扁鹊 （打一成语）,谜底：视同秦越
谜面：真到长大才变美 （打一字）,谜底：兰
谜面：白头外婆您别走 （打一《红楼梦》人名）,谜底：刘佬佬
谜面：小心一点走上来 （打一字）,谜底：寺
谜面：马奔马路请闪开 （打二字演员名）,谜底：许晴
谜面：乱秦可灭 （打一《天龙八部》人名）,谜底：丁春秋
谜面：十载云游走四方 （打一《三国演义》人名）,谜底：王允
谜面：如今少女有派头 （打一字）,谜底：
谜面：不许众说纷纭 （打一成语）,谜底：一人得道
谜面：客心点点寒意起 （打一字）,谜底：冬
谜面：猜谜忌直 （打一成语）,谜底：歪打正着
谜面：休要议论姑娘 （打一成语）,谜底：妙不可言
谜面：伯乐的心愿 （打一成语）,谜底：志在千里
谜面：百姓都在讲节育 （打一成语）,谜底：民不聊生
谜面：策反信 （打一成语）,谜底：字里行间
谜面：邻居来帮腔 （打一成语）,谜底：旁门左道
谜面：山西省阴 （打一字）,谜底：亚
谜面：其实是和尚 （打三字药食材料）,谜底：罗汉果
谜面：怀古西江月，献之前来矣。 （打一省区名）,谜底：湖南
谜面：放翁自传 （打二字语文用语）,谜底：游记
谜面：某人一直都不在 （打一字）,谜底：甘
谜面：小两口睡懒觉 （打三字礼貌用语）,谜底：对不起
谜面：清兵入关 （打一离合字）,谜底：言吴误
谜面：纯阳真人不露相 （打一《三国演义》人名）,谜底：吕蒙
谜面：用汇仁肾宝，他好我也好。 （打一成语）,谜底：一举两得
谜面：古月临池，残花弄影。 （打一省区名）,谜底：湖北
谜面：一马当先反浪费 （打一节日）,谜底：端午节
谜面：三番五次与人较量 （打二字中药名）,谜底：八角
谜面：一统江东吴始立 （打一字）,谜底：呈
谜面：临水而渔，明心见性。 （打二字西晋人名）,谜底：鲁胜
谜面：好好猜谜 （打四字体育用语）,谜底：女子双打
谜面：图画之中云欲动 （打一节气）,谜底：冬至
谜面：两只蜻蜓逐太阳 （打二字气象用语）,谜底：干旱
谜面：与富贵人家为邻 （打一成语）,谜底：隔墙有耳
谜面：淅沥声惊晓梦残 （打四字央视栏目）,谜底：朝闻天下
谜面：张僧繇壁上画龙 （打四字民航用语）,谜底：一点起飞
谜面：又托一叶寄知音 （打一字）,谜底：吱
谜面：此言如何能信 （打二字中药名）,谜底：人参
谜面：《太真外传》 （打一《水浒传》人名）,谜底：杨志
谜面：走好，老头。 （打二字称谓）,谜底：嫂子
谜面：谁知有口不能言 （打二字汉代人名）,谜底：吕雉
谜面：当天重点要复习 （打三国人名一）,谜底：关羽
谜面：孪生姐妹皆不错 （打二字古称谓）,谜底：娘娘
谜面：胜利前进开好头 （打二字花名）,谜底：月季
谜面：红极一时能震主 （打四字电影名）,谜底：赤子威龙
谜面：负负得正 （打一字）,谜底：止
谜面：毛遂自荐 （打三字《笑傲江湖》人名）,谜底：任我行
谜面：研碎香附子 （打二字唐朝人名）,谜底：李白
谜面：龙子与太后 （打一成语）,谜底：孤儿寡母
谜面：中间一直有变化 （打二字电影名）,谜底：叶问
谜面：差一点变成兔子 （打二字礼貌用语）,谜底：免了
谜面：残月残花如画中 （打二字称谓）,谜底：尼姑
谜面：父兄高兴 （打一战国人名）,谜底：伯乐
谜面：天下寒士俱欢颜 （打三字歌曲名）,谜底：穷开心
谜面：下笔无力，提笔忘字。 （打一成语）,谜底：文弱书生
谜面：话说湖南千古事 （打一《红楼梦》人名）,谜底：史湘云
谜面：徒弟难遇鼓上蚤 （打一成语）,谜底：生不逢时
谜面：一把吉他不留弦 （打一成语）,谜底：六根清净
谜面：内乱到后来变心 （打一字）,谜底：恻
谜面：有点自大 （打一节气）,谜底：小满
谜面：北至巴黎 （打三字电脑用语）,谜底：输入法
谜面：先锋失误便失误 （打一成语）,谜底：将错就错
谜面：满族公主拒进门 （打一成语）,谜底：格格不入
谜面：真心出力搞改革 （打一节日）,谜底：五一
谜面：女儿国 （打二字体育项目）,谜底：男排
谜面：古稀之年又重逢 （打一字）,谜底：轰
谜面：分手照张离婚照 （打一成语）,谜底：一拍两散
谜面：高山流水谁知音 （打一《三国演义》人名）,谜底：钟会
谜面：家徒四壁口懒开 （打一成语）,谜底：穷极无聊
谜面：村边桥头早有变化 （打一省区名）,谜底：吉林
谜面：鹊桥架不成 （打四字历史事件）,谜底：七七事变
谜面：女士优先 （打一朝代别称）,谜底：后汉
谜面：中学人生起变化 （打一字）,谜底：牵
谜面：一枕黄粱再现 （打一成语）,谜底：重温旧梦
谜面：关云长左右随从 （打二字股市用语）,谜底：平仓
谜面：菜园子要浇水 （打一《水浒传》人名）,谜底：张清
谜面：此女一生始终忠贞 （打二字礼貌用语）,谜底：贵姓
谜面：智能心中无他爱 （打一成语）,谜底：情有独钟
谜面：孙中山自传 （打三字语文用语）,谜底：文言文
谜面：女生一白遮百丑 （打一字）,谜底：妞
谜面：身上的诺基亚该换了 （打一成语）,谜底：随机应变
谜面：古都邯郸在腾飞 （打一秦朝人名）,谜底：赵高
谜面：草的变化 （打二字中草药）,谜底：白芍
谜面：举座皆宾 （打三字旧称谓）,谜底：少东家
谜面：光棍一条 （打二字体育项目）,谜底：单杠
谜面：欲擒故纵 （打二字学校用语）,谜底：放假
谜面：九十八张纸 （打一成语）,谜底：一刀两断
谜面：看看选哪头 （打一北宋人名）,谜底：张择端
谜面：大车上坐武二郎 （打三字体育项目）,谜底：马拉松
谜面：愿教青帝常为主 （打三字礼貌用语）,谜底：不用谢
谜面：文君真乃奇女子 （打一成语）,谜底：卓尔不群
谜面：拒给他算命 （打一成语）,谜底：不计其数
谜面：财色当头总失败 （打一字）,谜底：负
谜面：轻声细语 （打一体育项目）,谜底：柔道
谜面：天各一方月影重 （打一《水浒传》人名）,谜底：吴用
谜面：公孙胜再次表明 （打一成语）,谜底：一清二白
谜面：十二个姑娘 （打四字体育用语）,谜底：女子单打
谜面：帆船何以快如飞 （打一《西游记》人名）,谜底：顺风耳
谜面：皇叔如在便安然 （打一成语）,谜底：有备无患
谜面：吕雉半作无知状 （打一字）,谜底：唯
谜面：万条垂下绿丝绦 （打一明末人名）,谜底：柳如是
谜面：尘土不染断桥头 （打一《三国演义》人名）,谜底：小乔
谜面：春夜来雨报平安 （打一字）,谜底：泰
谜面：游子身上衣 （打二字服饰名词）,谜底：泳装
谜面：今日一行重会君 （打二字乐器）,谜底：口琴
谜面：美中不足，月影残缺。 （打一《三国演义》人名）,谜底：关羽
谜面：总是放弃 （打一作家）,谜底：老舍
谜面：只看春秋前半部 （打一宋词人）,谜底：秦观
谜面：假离婚 （打一离合字）,谜底：扮分手
谜面：前辈理解后生 （打三字旧称谓）,谜底：老知青
谜面：庭前垂柳绽新芽 （打一广东地名）,谜底：广州
谜面：拿下几多无头案 （打一生活物）,谜底：手机
谜面：是师兄少写一笔 （打二字称谓）,谜底：帅哥
谜面：且抄且泣字参差 （打二字食品）,谜底：沙拉
谜面：半城桃李半城楼 （打一旅游城市名）,谜底：桂林
谜面：水下作业注意事项 （打三字社会现象）,谜底：潜规则
谜面：何苦要整容 （打二字中草药）,谜底：荷叶
谜面：古貌改变受质疑 （打二字电影名）,谜底：叶问
谜面：横杆垂钓无冬夏 （打一《天龙八部》人名）,谜底：丁春秋
谜面：婚纱照 （打二字影视名词）,谜底：偶像
谜面：取其上策，十分重要。 （打一文具）,谜底：毛笔
谜面：往返票价都五毛 （打六字数学名词）,谜底：一元二次方程
谜面：开放之后大变样 （打二字称谓）,谜底：方丈
谜面：立即告知 （打二字法律名词）,谜底：起诉
谜面：光武中兴 （打一歌手）,谜底：刘欢
谜面：自从怀孕就吵架 （打一成语）,谜底：一鼓作气
谜面：考题以浅显为宜 （打一成语）,谜底：高深莫测
谜面：齐心苦求变 （打二字中药名）,谜底：艾叶
谜面：周围拆除售东西 （打一歌手名）,谜底：韦唯
谜面：入闽中已三周 （打一字）,谜底：蜡
谜面：豹子头怒打黑旋风 （打一成语）,谜底：气冲斗牛
谜面：李逵宋江立船头 （打一成语）,谜底：风雨同舟
谜面：寒从夜半起 （打一《红楼梦》人名）,谜底：冷子兴
谜面：刚刚会见刘皇叔 （打一成语）,谜底：方面大耳
谜面：湖中隐约晴方现 （打一节日）,谜底：清明
谜面：草木有知亦觉寒 （打一成语）,谜底：人走茶凉
谜面：窗前飞燕探头来 （打一字）,谜底：挖
谜面：不负前言 （打一《水浒传》人名）,谜底：白胜
谜面：万寿无疆 （打三字学校用语）,谜底：特长生
谜面：半部春秋来回念 （打二字植物名）,谜底：茴香
谜面：长度好像是三尺 （打一《西游记》人名）,谜底：如来
谜面：牛角 （打一成语）,谜底：迎刃而解
谜面：中山传 （打三字文学用语）,谜底：记叙文
谜面：元迎探惜各西东 （打一节气名）,谜底：春分
谜面：一口吃掉五颗丸子 （打一字）,谜底：熟
谜面：牛角刀 （打二字化学用语）,谜底：分解
谜面：昔日紫禁城 （打一《三国演义》人名）,谜底：陈宫
谜面：一点小燕上下飞 （打一城市名）,谜底：北京
谜面：负荆请罪 （打二字数学用语）,谜底：求和
谜面：谁先发明造纸术 （打一成语）,谜底：无与伦比
谜面：不再上诉 （打三字礼貌用语）,谜底：告辞了
谜面：十月十八方到此 （打二字中药名）,谜底：柴胡
谜面：者人折了那人攀 （打一明朝才女）,谜底：柳如是
谜面：断桥残雪看不足 （打一字）,谜底：霜
谜面：凤凰台上凤凰游 （打一省区名）,谜底：云南
谜面：扇子 （打二字地理用语）,谜底：热带
谜面：斩颜良诛文丑 （打一《水浒传》人名）,谜底：关胜
谜面：大车上坐武二 （打一比赛项目）,谜底：马拉松
谜面：杜十娘沉宝，林黛玉焚诗。 （打一成语）,谜底：水火无情
谜面：看戏 （打一《三国演义》人名）,谜底：张角
谜面：三寸金莲何以成 （打二字邮政用语）,谜底：包裹
谜面：立即分开 （打一节日）,谜底：六一
谜面：百分之一 （打一节气）,谜底：白露
谜面：春末夏初 （打二字花卉名）,谜底：百合
谜面：父母见面 （打三字学校名词）,谜底：家长会
谜面：杀牛宰羊 （打二字常用词）,谜底：害羞
谜面：一九八六 （打四字体育用语）,谜底：混合双打
谜面：环顾无人胜郎君 （打一西汉人名）,谜底：周亚夫
谜面：因贫三餐改两餐 （打一节日）,谜底：寒食节
谜面：双夺冠军是头回 （打四字数学用语）,谜底：二元一次
谜面：一向上爬忘了本 （打一字）,谜底：未
谜面：雨夹雪 （打一成语）,谜底：落花流水
谜面：无功受禄 （打二字称谓）,谜底：白领
谜面：辨子功 （打一成语）,谜底：后发制人
谜面：瞎子点灯 （打三字药品名）,谜底：白花油
谜面：酒水一撤，仙人隐去。 （打一省区名）,谜底：山西
谜面：说说优点就走 （打一成语）,谜底：扬长而去
谜面：自古英雄多磨难 （打三字音乐用语）,谜底：成名曲
谜面：其中真心差几许 （打一字）,谜底：一
谜面：双方以仁相待 （打一字）,谜底：倡
谜面：找到香君，探听如是。 （打一成语）,谜底：寻花问柳
谜面：欲得长弓须易容 （打一《水浒传》人名）,谜底：张顺
谜面：子女分投南北宋 （打一著名导演）,谜底：李安
谜面：春末夏初 （打一戏曲行当）,谜底：旦
谜面：对打 （打三字网购热词）,谜底：双十二
谜面：车胤囊萤，匡衡夜读。 （打二字礼貌用语）,谜底：借光
谜面：青铜重器，曰毛公，曰大盂。 （打一成语）,谜底：鼎鼎有名
谜面：寒者衣之，饥者食之。 （打两字鸟名）,谜底：布谷
谜面：一字三两点，一直未猜出。 （打一字）,谜底：羊
谜面：视频 （打三字电脑小游戏）,谜底：连连看
谜面：竹下一牛声声唤 （打一字中国传统乐器）,谜底：笙
谜面：一个病老头，女士人人求。 （打一字）,谜底：瘦
谜面：家有小女，十一出嫁。 （打一字）,谜底：尘
谜面：常年当领导 （打三字称谓）,谜底：老头儿
谜面：五一结伴去旅行 （打一宋朝词人）,谜底：陆游
谜面：一枝花挨着豹子头 （打三字港台歌手）,谜底：蔡依林
谜面：春天还会远吗 （打一节气名）,谜底：冬至
谜面：说说乙未年 （打一星座名）,谜底：白羊
谜面：双方真心对真心 （打一成语）,谜底：三三两两
谜面：西汉衰亡东汉兴 （打一字）,谜底：双
谜面：姐们儿的耳环 （打三字微信热词）,谜底：朋友圈
谜面：仙姑好像下凡了 （打五字苏轼词一句）,谜底：何似在人间
谜面：不错不错 （打二字传统文化形式）,谜底：对联
谜面：君子观棋 （打一当代著名作家）,谜底：莫言
谜面：美好的开端 （打一蔬菜）,谜底：姜
谜面：开山破石来造田 （打一电影）,谜底：画皮
谜面：前前后后和为善 （打一字）,谜底：羊
谜面：对人要格外大方 （打一字）,谜底：徊
谜面：连日取胜巧安排 （打一称谓）,谜底：明星
谜面：关羽心中自明白 （打一成语）,谜底：红颜知己
谜面：居心不正吕奉先 （打一字）,谜底：希
谜面：无法想象无法说 （打一成语）,谜底：不可思议
谜面：红梅开后冬已残 （打一字）,谜底：绦
谜面：别走，我马上来。 （打一数学名词）,谜底：约等于
谜面：可持续发展 （打二字称谓）,谜底：哥哥
谜面：人民币一角 （打一纺织原料）,谜底：羊毛
谜面：土木之变 （打一泊人）,谜底：杜迁
谜面：苗条淑女，君子好逑。 （打一歌曲名）,谜底：纤夫的爱
谜面：赵氏江山两度红 （打一影视明星）,谜底：宋丹丹 
谜面：云南昆明二日游 （打一字）,谜底：能
谜面：算盘珠 （打一学科名）,谜底：代数
谜面：小女子有心与人争先 （打二字礼貌用语）,谜底：您好
谜面：老子的言论 （打一唐朝人名）,谜底：李白
谜面：一生改革为大众 （打一离合字）,谜底：人人从
谜面：年初一晚上 （打一节日）,谜底：元宵
谜面：大年初一过生日 （打一城市名）,谜底：重庆
谜面：大年初一，开市大吉。 （打《红楼梦》人名二）,谜底：元春，贾瑞
谜面：第九次结婚 （打一首都城市）,谜底：巴黎
谜面：初一离家除夕回 （打一成语）,谜底：满载而归
谜面：返航之路 （打二字地理名词）,谜底：回归线
谜面：长安美女 （打一词牌名）,谜底：忆秦娥
谜面：万事不求人 （打一成语）,谜底：好自为之
谜面：多次求教 （打一学科名）,谜底：数学
谜面：相聚三十日，梅花已半开。 （打一水果）,谜底：草莓
谜面：儿子刚添丁 （打一《水浒传》人名）,谜底：孙新
谜面：一曲飘香顷刻来 （打一艺人）,谜底：曹颖
谜面：云长为何诈降曹 （打一《水浒传》人名）,谜底：顾大嫂
谜面：经常搬家 （打一《水浒传》人名）,谜底：时迁
谜面：多点爱心来安家 （打一字）,谜底：嫁
谜面：喜欢三丫头 （打一欧洲国家名）,谜底：爱尔兰
谜面：匹 （打一动物）,谜底：四不象
谜面：说东道西又话北 （打一省区名）,谜底：云南省
谜面：娃娃算时间 （打三字数学名词）,谜底：小数点
谜面：家书不宜长 （打二字电信名词）,谜底：短信
谜面：只言小差错 （打一成语）,谜底：大逆不道
谜面：供不应求 （打一《水浒传》人名）,谜底：索超
谜面：把酒就残月，仿佛伴小青。 （打一成语）,谜底：杯弓蛇影
谜面：房屋重建 （打一省区名）,谜底：福建
谜面：文武俱全 （打一《三国演义》人名）,谜底：刘备
谜面：哥俩上天平 （打二字物理名词）,谜底：比重
谜面：林中烧炭 （打一成语）,谜底：就地取材
谜面：次子真机灵 （打一《西游记》人名）,谜底：二朗神
谜面：田间耕作 （打一学科名）,谜底：地理
谜面：星球大战 （打一唐朝人名）,谜底：武则天
谜面：主人微笑 （打一广东地名）,谜底：东莞
谜面：没羽箭袖手，铁扇子侧目。 （打一成语）,谜底：旁观者清
谜面：替爷爷赶马 （打一《三国演义》人名）,谜底：孙策
谜面：不要请客送礼 （打一节日，卷帘格）,谜底：情人节
谜面：完颜阿骨打登基 （打一字）,谜底：键
谜面：八戒一路辛苦 （打一成语）,谜底：能者多劳
谜面：灞桥惜别何所赠 （打一春秋人名）,谜底：柳下惠
谜面：让爹爹上去更好 （打一成语）,谜底：多多益善
谜面：猜谜指南 （打一足球用语）,谜底：射门
谜面：千里驹 （打一《三国演义》人名）,谜底：马良
谜面：横岭两侧空落落 （打一山名）,谜底：黄山
谜面：夜游宝鸡城 （打一成语）,谜底：暗度陈仓
谜面：冰河解冻 （打一省区名）,谜底：江苏
谜面：客人给小费 （打一春秋人名）,谜底：西施
谜面：叫兄左右难为人 （打一鸟名）,谜底：八哥
谜面：出没风波里 （打一体育项目）,谜底：冲浪
谜面：只算对的 （打二字数学名词）,谜底：偶数
谜面：迎客松 （打一成语）,谜底：宽以待人
谜面：再次推举 （打一运动项目）,谜底：举重
谜面：菊花插满头 （打一《三国演义》人名）,谜底：黄盖
谜面：请勿动武 （打三字语文用语）,谜底：应用文
谜面：戊戌变法 （打一成语）,谜底：一蹴而就
谜面：千金难买日初红 （打一城市名）,谜底：贵阳
谜面：老子的言论 （打一古代诗人）,谜底：李白
谜面：白马坡颜良送死，古城会蔡阳授首。 （打一成语）,谜底：性命交关
谜面：耒 （打一《西游记》人名）,谜底：如来
谜面：背后不要泼凉水 （打一城市名）,谜底：北京
谜面：一将成名三十载 （打一《三国演义》人名）,谜底：蒋干
谜面：一日不见，如三月兮。 （打一字）,谜底：晨
谜面：黛玉索句求知己 （打一中药）,谜底：枸杞
谜面：小心火烛 （打一元朝人名）,谜底：忽必烈
谜面：庄稼地边安路灯 （打一运动员名）,谜底：田亮
谜面：一百减二 （打一节气）,谜底：白露
谜面：点横撇捺 （打一文学体裁）,谜底：散文
谜面：一见芳容分明改 （打一《水浒传》人名）,谜底：方腊
谜面：川币 （打一作家名）,谜底：巴金
谜面：兴霸会子敬 （打一省区名）,谜底：甘肃
谜面：又是星期一 （打一成语）,谜底：周而复始
谜面：察言观色 （打一战国人名）,谜底：张仪
谜面：笑而不宣 （打一新疆地名）,谜底：哈密
谜面：红墙一角 （打一战争名）,谜底：赤壁之战
谜面：慢走 （打一法律术语）,谜底：缓刑
谜面：一把辛酸泪，写成红楼梦。 （打一成语）,谜底：水落石出
谜面：嘴巴不多却能闹 （打一字）,谜底：吵
谜面：买盐用了1元 （打一西晋人名）,谜底：阮咸
谜面：停战 （打一数学名词）,谜底：求和
谜面：一天左右 （打一国家名）,谜底：约旦
谜面：宋室气数尽 （打一春秋人名）,谜底：赵衰
谜面：午后结帐 （打三字数学用语）,谜底：未知数
谜面：香山居士年已五十 （打一成语）,谜底：乐天知命
谜面：夜久语声绝 （打四字气象用语）,谜底：白天多云
谜面：多情剑客无情剑 （打一省区名）,谜底：广西
谜面：背水一拼古有之 （打一省区名）,谜底：湖北
谜面：对准 （打一成语）,谜底：左右为难
谜面：谈吐不凡 （打二字文学用语）,谜底：神话
谜面：有水能掀三尺浪 （打一字）,谜底：粮
谜面：兵马纷乱迁客南望 （打一唐朝人名）,谜底：骆宾王
谜面：山东捷报 （打一作家）,谜底：鲁迅
谜面：红茶 （打一成语）,谜底：如火如荼
谜面：一退六二五 （打一字）,谜底：辛
谜面：四季只有夏秋冬 （打一节日）,谜底：春节
谜面：葱姜大蒜能去病 （打一南宋人名）,谜底：辛弃疾
谜面：颠覆之后 （打一成语）,谜底：真相大白
谜面：元旦合影 （打一音乐名词）,谜底：节拍
谜面：白日依山尽 （打一省区名）,谜底：西藏
谜面：一时差十分 （打一字）,谜底：旦
谜面：雪雁紫鹃迎宝玉 （打一成语）,谜底：一石二鸟
谜面：儿时家境平 （打一节气）,谜底：小寒
谜面：一目了然 （打一《水浒传》人名）,谜底：张清
谜面：洞房花烛夜，竹叶青青时。 （打一成语）,谜底：灯红酒绿
谜面：元旦过生日 （打一城市名）,谜底：重庆
谜面：元旦晴 （打一离合字）,谜底：月日明 
谜面：两点人到就开猜 （打一北宋人名）,谜底：狄青
谜面：吕布桥边起芳心 （打一字）,谜底：秦
谜面：老龙王计拙犯天条 （打一成语）,谜底：下不为例
谜面：第一青衣 （打一节日）,谜底：元旦
谜面：点清数目方知大 （打一字）,谜底：方
谜面：正点发车 （打一成语）,谜底：时来运转
谜面：演出道德 （打一自然灾害）,谜底：台风
谜面：踏雪寻梅 （打一《红楼梦》人名）,谜底：探春
谜面：杏开宅后 （打一《西游记》人名）,谜底：木吒
谜面：再施离间计 （打二字电信用语）,谜底：重拨
谜面：关公不见坐骑 （打一成语）,谜底：塞翁失马
谜面：百里挑一 （打一节日）,谜底：重九
谜面：伪造账目 （打一数学名词）,谜底：无理数
谜面：二 （打一省区名）,谜底：云南省
谜面：中学生写传 （打四字俗语）,谜底：少年得志
谜面：事不宜迟 （打二字运动词语）,谜底：早操
谜面：孔明三用计，周瑜一命丧。 （打二字保健用语）,谜底：气功
谜面：九九重阳结同心 （打一省区名）,谜底：吉林
谜面：月下二人踏碎冰 （打一字）,谜底：滕
谜面：举五指漫天要价 （打一成语）,谜底：高抬贵手
谜面：残月下西楼 （打一字）,谜底：屡
谜面：此地不冷不热 （打一浙江地名）,谜底：温州
谜面：月出东山日西坠 （打一成语）,谜底：此起彼落
谜面：单身宿舍 （打三字礼貌用语）,谜底：对不住
谜面：甲乙丙丁 （打一数学用语）,谜底：代数
谜面：捕鱼旺季莫迟疑 （打一娱乐场所）,谜底：网吧
谜面：从不真喝 （打二字鉴定用语）,谜底：假品
谜面：生意兴隆在子夜 （打一成语）,谜底：盛极一时
谜面：晋室东渡 （打一西汉人名）,谜底：司马迁
谜面：三日 （打二字化学用语）,谜底：结晶
谜面：春节前营运特点 （打一成语）,谜底：反客为主
谜面：生・掉首格 （打《岳阳楼记》一句）,谜底：日星隐曜
谜面：女出租车司机・粉底格 （打一国名）,谜底：伊拉客
谜面：整日东风吹，村子全变样。 （打一明代人名）,谜底：李时珍
谜面：左边一个缺，右边一个多。 （打一字）,谜底：价
谜面：一百分 （打二字教育用语）,谜底：单元
谜面：残月高高远山重 （打一字）,谜底：弦
谜面：看起来很好 （打一西汉人名）,谜底：张良
谜面：一别音容两渺茫 （打一字）,谜底：查
谜面：灯火熄灭黎明前 （打一花卉）,谜底：丁香
谜面：二一添作五 （打三字比赛用语）,谜底：平均分
谜面：改天乱支配 （打一《西游记》人名）,谜底：大圣
谜面：不见多时梦成双，善始善终两心通。 （打一成语）,谜底：林林总总
谜面：空中战斗 （打一配料）,谜底：八角
谜面：一寸光阴一寸金 （打一省会城市）,谜底：贵阳
谜面：二儿旧貌改 （打一节日）,谜底：元旦
谜面：不要人后说丑话 （打二字邮政用语）,谜底：信件
谜面：可怜花落去 （打一《红楼梦》人名）,谜底：惜春
谜面：公元前 （打一节日）,谜底：八一
谜面：吾见桥头川流水 （打一广西地名）,谜底：梧州
谜面：初听鹧鸪啼 （打一字）,谜底：鸣
谜面：一点不在乎 （打一成语）,谜底：子虚乌有
谜面：一年只有五天在家 （打六字成语）,谜底：三百六十行
谜面：从前有个人 （打一字）,谜底：众
谜面：何乐而不为 （打一离合字）,谜底：妙女少
谜面：五十加五十 （打一花卉）,谜底：百合
谜面：人到七十 （打一交通用语）,谜底：倒车
谜面：古音 （打一成语）,谜底：出口成章
谜面：先查后学 （打一明朝人名）,谜底：李自成
谜面：同学少年多不贱 （打一字）,谜底：篑
谜面：年纪小小话真多 （电视用语一）,谜底：少儿频道
谜面：路远不可测 （打一成语）,谜底：前途无量
谜面：雨后当别离 （打一节气）,谜底：小雪
谜面：颠倒为钱就是错 （打一春秋人名）,谜底：夫差
谜面：座上客常满 （打一省区名）,谜底：广西
谜面：无心考虑 （打三字口语）,谜底：没意思
谜面：谢幕之后再说话 （打一作家）,谜底：莫言
谜面：来日定红极一时 （打一古人）,谜底：纣王
谜面：留下诸葛孔明 （打一运动员）,谜底：田亮
谜面：考前整日在复习 （打一字）,谜底：翥
谜面：桥西留有半面碑 （打一水果）,谜底：石榴
谜面：拆开中间重组装 （打一电影名）,谜底：叶问
谜面：五四相会在西岳 （打一安徽名胜）,谜底：九华山
谜面：早上莫来傍晚来 （打一字）,谜底：暮
谜面：大海的儿子 （打一玩具）,谜底：洋娃娃
谜面：村前寨后香飘散 （打一首都名）,谜底：柏林
谜面：牛郎放牧 （打一花卉）,谜底：喇叭花
谜面：西施曹操得怪病 （打一成语）,谜底：痛心疾首
谜面：秋景半露浸南岳 （打一北京名胜）,谜底：香山
谜面：首次夺冠 （打一体操用语）,谜底：一二一
谜面：两水会时见清浊 （打一字）,谜底：蜻
谜面：雪里送炭 （打一西药）,谜底：白加黑
谜面：又要马儿跑，又要马儿不吃草。 （打一电脑硬件）,谜底：光驱
谜面：蜘蛛结丝意若何 （打一网络用语）,谜底：网虫
谜面：挑担有买卖 （打一字）,谜底：捏
谜面：语不惊人 （打一语文用语）,谜底：普通话
谜面：顺着念，采花蜜；倒着念，比蜜甜。 （打一动物）,谜底：蜜蜂
谜面：婚期定在元宵后 （打一成语）,谜底：大喜过望
谜面：二人共携手，用心为改革。 （打一秦代人名）,谜底：扶苏
谜面：二角四克 （打一成语）,谜底：战战兢兢
谜面：丫丫 （打一文艺名词）,谜底：二人转
谜面：一月八日到上苑 （打一节日）,谜底：腊八
谜面：助残出力，献点爱心。 （打一字）,谜底：宜
谜面：二九、四九、九九 （打一省会城市）,谜底：成都
谜面：叶公吃惊 （打一动物）,谜底：恐龙
谜面：猜谜归来喜洋洋 （打一成语）,谜底：乐在其中
谜面：东坡与少游 （打一战国人名）,谜底：苏秦
谜面：章法不佳 （打一《三国演义》人名）,谜底：文丑
谜面：画龙未点睛 （打一字）,谜底：省
谜面：店家讲信誉 （打一成语）,谜底：卖主求荣
谜面：虚心向人求教 （打一学科名）,谜底：化学
谜面：二郎神不苟言笑 （打一成语）,谜底：一板三眼
谜面：鬼门关 （打一成语）,谜底：出生入死
谜面：玫瑰刺手 （打一《红楼梦》人名）,谜底：花袭人
谜面：放开心态了心愿 （打一山西地名）,谜底：太原
谜面：喜对残照未白头 （打一南宋人名）,谜底：朱熹
谜面：闯王登基改国号 （打一成语）,谜底：名正言顺
谜面：北风吹 （打一省区名）,谜底：云南
谜面：无字天书 （打一教育用语）,谜底：白卷
谜面：前后背景 （打一城市名）,谜底：北京
谜面：六一的活动 （打一字）,谜底：韵
谜面：单刀赴会 （打一《水浒传》人名）,谜底：关胜
谜面：大可不必害怕 （打一节气名）,谜底：小寒
谜面：怎么变成灰了 （打一成语）,谜底：混淆黑白
谜面：一生无邪，半尘不染。 （打一字）,谜底：址
谜面：身体好，学习好，工作好。 （打一近代人名）,谜底：康有为
谜面：何以掷果盈车 （打一北宋人名）,谜底：潘美
谜面：一点人来许心愿 （打一山西地名）,谜底：太原
谜面：尺的用途 （打一物理用语）,谜底：能量
谜面：强盗的法则 （打一北宋人名）,谜底：寇准
谜面：瓜田李下 （打一成语）,谜底：衣冠不整
谜面：后羿射太阳 （打一礼貌用语）,谜底：多日不见
谜面：连日多玄奥，一定要解开。 （打一字）,谜底：蓄
谜面：五角钱 （打一数学名词）,谜底：半圆
谜面：清明前一天 （打一节日）,谜底：元旦
谜面：三十六中抓重点 （打一《水浒传》人名）,谜底：林冲
谜面：人造卫星 （打一成语）,谜底：不翼而飞
谜面：宝玉出走要分开 （打一陕西地名）,谜底：西安
谜面：万万见不得人 （打一字）,谜底：乙
谜面：深一脚浅一脚 （打一成语）,谜底：举足轻重
谜面：家徒四壁 （打一物理名词）,谜底：空间
谜面：山东剧团 （打一春秋时期人名）,谜底：鲁班
谜面：淘汰赛 （打一地理用语）,谜底：落差
谜面：再三谦让 （打一《三国演义》人名）,谜底：陆逊
谜面：醉打蒋门神，复夺快活林。 （打一成语）,谜底：恩将仇报
谜面：吞吴 （打一成语）,谜底：天各一方
谜面：要上南京 （打一省会城市）,谜底：西宁
谜面：分离前后 （打一字）,谜底：凶
谜面：十分之四 （打一成语）,谜底：三三两两
谜面：温酒斩华雄 （打一《水浒传》人名）,谜底：关胜
谜面：立字当头为之一新 （打一字）,谜底：析
谜面：曹操兵败走华容 （打一成语）,谜底：性命交关
谜面：调查见曲直 （打一《三国演义》人名）,谜底：曹植
谜面：夜半枝头，残红四五点。 （打一《红楼梦》人名）,谜底：李纨
谜面：唐宋八家，杨州八怪。 （打一字）,谜底：做
谜面：雾散之后冰消融 （打一节气）,谜底：雨水
谜面：沧海变桑田 （打一字）,谜底：汗
谜面：囊括全部金牌 （打一内蒙古地名）,谜底：包头
谜面：学生上门，站满墙根。 （打一成语）,谜底：家徒四壁
谜面：丢了乌纱减了肥 （打一成语）,谜底：无官一身轻
谜面：应有真心无恶心 （打一海南地名）,谜底：三亚
谜面：聘前必须测身高 （打一成语）,谜底：量才录用
谜面：牙医 （打一教育用语）,谜底：专业对口
谜面：二十六不足，二十八有余。 （打一字）,谜底：共
谜面：天方夜谭 （打一字）,谜底：歼
谜面：走错了，一直去。 （打一《三国演义》人名）,谜底：赵云
谜面：三四块土地 （打一中药名）,谜底：田七
谜面：毕业后重新分配 （打一商朝人名）,谜底：比干
谜面：饭后猜谜 （打一物理名词）,谜底：反射
谜面：手拿象棋子，久久未落盘。 （打一成语）,谜底：相持不下
谜面：始皇即位 （打一学科名）,谜底：政治
谜面：已有一半，又制一半。 （打一字）,谜底：判
谜面：热水瓶 （打一成语）,谜底：一身是胆
谜面：抛砖引玉，广交天下。 （打一节日）,谜底：国庆
谜面：我有言在先 （打一语文用语）,谜底：成语
谜面：瞎子猜谜 （打一计算机用语）,谜底：盲打
谜面：魔高一尺，道高一丈。 （打一成语）,谜底：各有所长
谜面：爷爷奶奶和我家三口住进三室一厅 （打一数学名词）,谜底：四舍五入
谜面：原来很牢固 （打一北宋人名）,谜底：曾巩
谜面：西湖之夜 （打一字）,谜底：液
谜面：相反 （打一成语）,谜底：有板有眼
谜面：图中西北部 （打一节气）,谜底：立冬
谜面：只因改革得安宁 （打一字）,谜底：寄
谜面：闰三月 （打一省会名）,谜底：长春
谜面：第一夜 （打一节日）,谜底：元宵
谜面：连加连乘 （打一成语）,谜底：纵横交错
谜面：脖子上长翅膀 （打一秦代人名）,谜底：项羽
谜面：从众卧倒 （打一成语）,谜底：五体投地
谜面：一人 （打一辽宁地名）,谜底：大连
谜面：清明之前，分离之际。 （打一《水浒传》人名）,谜底：阮小二
谜面：提笔忘字 （打一美术用语）,谜底：写生
谜面：有点曲折 （打一字）,谜底：之
谜面：毕业之后 （打一节日名）,谜底：国庆节
谜面：赢了也没用 （打一《水浒传》人名）,谜底：白胜
谜面：十分如意 （打一战国人名）,谜底：毛遂
谜面：孟姜哭，褒姒笑。 （打一成语）,谜底：倾城倾国
谜面：重庆居中 （打一成语）,谜底：始终不渝
谜面：平反回来 （打一字）,谜底：啬
谜面：文 （打一《红楼梦》人名）,谜底：晴雯
谜面：妲己设计害比干 （打一成语）,谜底：挖空心思
谜面：秋后会猜 （打一北宋人名）,谜底：狄青
谜面：绷脸放下一句话 （打三字QQ空间用语）,谜底：留言板
谜面：夜到江西三日回 （打二字科技名词）,谜底：液晶
谜面：唐太宗来找乐子 （打一小说主角）,谜底：李寻欢
谜面：只学会自家拳法 （打四字招生用语）,谜底：对外招生
谜面：村落 （打一战国人名）,谜底：庄子
谜面：曰 （打一地名）,谜底：南昌
谜面：叶公惊倒，心跳停止。 （打一成语）,谜底：来龙去脉
谜面：朝也干戈，晚也干戈。 （打一成语）,谜底：明争暗斗
谜面：明月当空良人伴 （打二字天文名词）,谜底：日食
谜面：半帘残月听蛩声 （打一字）,谜底：穹
谜面：一横一竖写一回 （打一字）,谜底：固
谜面：千金之子 （打一字）,谜底：媳
谜面：年少无知 （打一湖北地名）,谜底：大悟
谜面：落花流水春去也 （打一甘肃地名）,谜底：临夏
谜面：吕蒙卸任 （打一常用词）,谜底：陆续
谜面：宴别于东郊 （打一河南地名）,谜底：安阳
谜面：仙人却善变化 （打一动物并冠量）,谜底：一只山羊
谜面：唯有功名忘不了 （打一贬称谓）,谜底：贪官
谜面：时冷时热无真意 （打学校用语二）,谜底：寒假、暑假
谜面：少女要主动一点 （打一《红楼梦》人名）,谜底：妙玉
谜面：东江相思重 （打一经济作物）,谜底：豇豆
谜面：阳关一别奔前程 （打一明朝人）,谜底：郑和
谜面：迎春袭人两含羞 （打一成语）,谜底：花花草草
谜面：中秋佳节结良缘 （打一城市名）,谜底：重庆
谜面：湖光水月竹遮笼 （打一武侠小说作者）,谜底：古龙
谜面：学生干活没报酬 （打一成语）,谜底：徒劳无益
谜面：开放不必存顾虑 （打一金庸小说人物）,谜底：张无忌
谜面：奋力大扫除 （打一字）,谜底：男
谜面：日落看木偶 （打一字）,谜底：梦
谜面：宁丢乌纱，要了心愿。 （打一三国人名）,谜底：丁原
谜面：灯谜未猜先揭底 （打一成语）,谜底：不打自招
谜面：荣誉半是苦中来 （打一《水浒传》人名）,谜底：杜兴
谜面：懂得 （打一动物）,谜底：知了
谜面：不与他人歪风随 （打一饮料名）,谜底：和其正
谜面：南北动干戈，中东频纷争。 （打一青海省地名）,谜底：西宁
谜面：上行与下行 （打一国家名）,谜底：中非
谜面：吃尽苦头三十日 （打一字）,谜底：胡
谜面：佳人失散村子乱 （打三国人名）,谜底：李封
谜面：乡试功名信手拈 （打一成语）,谜底：轻而易举
谜面：双手赞成 （打一体育项目）,谜底：举重
谜面：拘留30天 （打一字）,谜底：捐
谜面：重耳苦尽始称孤 （打一河北地名）,谜底：邯郸
谜面：思前想后执己见 （打一战国人名）,谜底：田忌
谜面：反手再上篮 （打一文具）,谜底：毛笔
谜面：水流二道，相间三尺。 （打一字）,谜底：渊
谜面：乖乖虎千里而到 （打《论语》一句）,谜底：有朋自远方来
谜面：签字歪歪扭扭，讲话结结巴巴。 （打6字常言）,谜底：名不正则言不顺
谜面：文君当垆，子牙临溪。 （打一成语）,谜底：沽名钓誉
谜面：湖光水月鸟飞鸣 （打一字）,谜底：咕
谜面：明日分离，无人相伴。 （打一字）,谜底：胖
谜面：牵牛含笑，车前含羞。 （打一成语）,谜底：花花草草
谜面：阎王爷不做主 （打一电影）,谜底：小鬼当家
谜面：秋叶落后人全离 （打一字）,谜底：程
谜面：慧心妙解 （打一称谓）,谜底：少妇
谜面：谜作不雅如武大之态 （打一《水浒传》诨号）,谜底：矮脚虎
谜面：白狗上炕，越打越胖。 （打一行为）,谜底：弹棉花
谜面：始皇不是赢氏子 （打一西汉人名）,谜底：吕后
谜面：僧人去尽寺半存 （打一字）,谜底：增
谜面：七人写八字 （打一科目名）,谜底：化学
谜面：平反回来住西城 （打一字）,谜底：墙
谜面：玄德先来，云长未到。 （打一运动员）,谜底：刘翔
谜面：去掉一半多 （打一节日）,谜底：除夕
谜面：夕阳西下几时回 （打一朝代名）,谜底：明朝
谜面：目不斜视 （打一明朝人名）,谜底：张居正
谜面：八一节之夜 （打一节日）,谜底：七夕
谜面：话说七九 （打一成语）,谜底：信口开河
谜面：三方合作，提前跳槽。 （打一《三国演义》人名）,谜底：曹操
谜面：生有一子号青莲 （打一字）,谜底：柏
谜面：游西湖孩子先走 （打一秦朝人名）,谜底：胡亥
谜面：去村后割茅草 （打一字）,谜底：柔
谜面：人离位心别愁 （打一节气）,谜底：立秋
谜面：发言不许拿讲稿 （打一体育项目）,谜底：空手道
谜面：黄连做笛子 （打一成语）,谜底：苦中作乐
谜面：不错不错 （打一语文用语）,谜底：对偶
谜面：巴士之广告 （打一历史名词）,谜底：公车上书
谜面：每日一曲，不一而足。 （打一《三国演义》人名）,谜底：曹丕
谜面：暗笑 （打一新疆地名）,谜底：哈密
谜面：兔子耳朵 （打一字）,谜底：聊
谜面：邂逅见秋香，更名入华府。 （打一成语）,谜底：随遇而安
谜面：匈奴来犯 （打一成语）,谜底：胡作非为
谜面：回身一箭 （打一物理用语）,谜底：反射
谜面：五双 （打一字）,谜底：支
谜面：五雷轰顶 （打一物）,谜底：电脑
谜面：三伏天猜灯谜 （打一成语）,谜底：打得火热
谜面：东邻在水各一方 （打一城市名）,谜底：洛阳
谜面：上身是小山，下身是大山；二字相结合，全身都是山。 （打一字）,谜底：岳
谜面：比干之死 （打一成语）,谜底：心不在焉
谜面：王 （打一数学用语）,谜底：负负得正
谜面：旦净末丑 （打一教育用语）,谜底：差生
谜面：开业四五年 （打一唐朝人名）,谜底：张九龄
谜面：一对仙女共同游，一样打扮两样头，一个见人爱伸手，一个贪玩没有够。 （打两字）,谜底：要、耍
谜面：且到江东去 （打一字）,谜底：沮
谜面：南京三伏天 （打一省区名）,谜底：宁夏
谜面：近墨者黑 （打一成语）,谜底：玄之又玄
谜面：按律文判罪 （打一成语）,谜底：照本宣科
谜面：宣德瓷器 （打一字）,谜底：盟
谜面：十二月江西见面 （打一字）,谜底：清
谜面：鱼儿多少 （打一数学用语）,谜底：尾数
谜面：姚 （打一《红楼梦》人名）,谜底：多姑娘
谜面：阢家杀猪 （打一字）,谜底：院
谜面：禁止叫好 （打一成语）,谜底：妙不可言
谜面：同治霸王 （打一成语）,谜底：一清二楚
谜面：岳母刺字 （打一教育用语）,谜底：背书
谜面：西伯适遇姜太公 （打一字）,谜底：倘
谜面：元明前后 （打一《水浒传》人名）,谜底：宋清
谜面：孔明何以能借箭 （打一天气用语）,谜底：有雾
谜面：要将无才者罢免 （打一成语）,谜底：欲罢不能
谜面：五十分 （打一数学用语）,谜底：半圆
谜面：十分可观 （打一东汉人名）,谜底：张角
谜面：半 （打一成语）,谜底：本末倒置
谜面：客户来贺 （打一《水浒传》人名）,谜底：西门庆
谜面：翼王故里 （打一省会城市名）,谜底：石家庄
谜面：责问孩儿 （打一物理用语）,谜底：质子
谜面：再加一点点力 （打一字）,谜底：苏
谜面：一箭射中缺口 （打一字）,谜底：医
谜面：蛇年前后活力旺 （打一成语）,谜底：龙马精神
谜面：一圆整 （打一数学用语）,谜底：百分数
谜面：四时漫江皆碧透 （打一离合字）,谜底：十二月水清
谜面：老兄高见 （打一省会城市）,谜底：昆明
谜面：庞统巧授连环计 （打一《水浒传》人名）,谜底：吴用
谜面：流水落花春去也 （打一节气）,谜底：夏至
谜面：问心只自可对苍穹 （打一字）,谜底：吴
谜面：虚心方知天下大 （打一节日）,谜底：七一
谜面：到处称霸王 （打一成语）,谜底：逢人说项
谜面：子丑寅卯辰巳午未申亥 （打一成语）,谜底：鸡犬不留
谜面：一字两点 （打一中学科目）,谜底：化学
谜面：不讲东西北 （打一省区名）,谜底：云南
谜面：左边绿，右边红，左右相遇起凉风，绿的喜欢及时雨，红的最怕水来攻。 （打一字）,谜底：秋
谜面：废话连篇不对题 （打一《三国》人名）,谜底：文丑
谜面：夏天 （打一成语）,谜底：有朝一日
谜面：有心求偶无人理 （打一字）,谜底：愚
谜面：七仙女下凡 （打一字）,谜底：几
谜面：一年将尽夜 （打一花名）,谜底：迎春花
谜面：牛羊合群 （打一字）,谜底：羞
谜面：架一木而为天桥 （打一《三国演义》人名）,谜底：大乔
谜面：世界如此多娇 （打一运动项目）,谜底：女子足球
谜面：男女单打 （打一成语）,谜底：一决雌雄
谜面：丢人现丑 （打一字）,谜底：件
谜面：胸透结果保密 （打一成语）,谜底：心照不宣
谜面：一旬 （打一字）,谜底：早
谜面：秋分之后黄梁频现 （打一成语）,谜底：夜长梦多
谜面：投我以木桃 （打一字）,谜底：兆
谜面：上海居民 （打一字）,谜底：伸
谜面：安心疾已平 （打一字）,谜底：俞
谜面：2468 （打一成语）,谜底：无独有偶
谜面：山东快书 （打一作家名）,谜底：鲁迅
谜面：圣上赢了莱国公 （打一俗语）,谜底：胜者为王，败者为寇
谜面：舍舟登陆 （打一现代书名）,谜底：辞海
谜面：尺子 （打一物理名词）,谜底：能量
谜面：千金之子还有一脉传 （打一三国人名）,谜底：孙尚香
谜面：谢绝还价 （打一成语）,谜底：不折不扣
谜面：转业之前留一手 （打一字）,谜底：挛
谜面：时装表演，款式各异。 （打一四字词语）,谜底：一模一样
谜面：天不绝曹 （打一三国人名）,谜底：魏延
谜面：冀南没有冀中无 （打一字）,谜底：北
谜面：上面牵头，下面紧跟，中间一一配合。 （打一字）,谜底：奈
谜面：一只罐，两个口，只装火，不装酒。 （打一物）,谜底：灯笼
谜面：乡亲・・虾须格 （打《四书》一句）,谜底：野人也
谜面：做人首先要大方 （打一字）,谜底：烟
谜面：文摘 （打一成语）,谜底：断章取义
谜面：方其中，圆其外。 （打一字）,谜底：回
谜面：梦中一夕别西凉 （打一水浒传人名）,谜底：林冲
谜面：叫杀不慎满盘差 （打一成语）,谜底：将错就错
谜面：一旬少一天 （打一字）,谜底：万
谜面：君王掩面救不得 （打一成语）,谜底：爱莫能助
谜面：状元及第 （打一教育用语）,谜底：高中
谜面：高老头 （打一字）,谜底：主
谜面：油画一幅挂帘前 （打一字）,谜底：演
谜面：连日有雨 （打一字）,谜底：雷
谜面：老头耍滑头 （打一字）,谜底：嫂
谜面：围棋黑方是赢家 （打一五字成语）,谜底：先下手为强
谜面：迎春袭人贾宝玉 （打一成语）,谜底：花花公子
谜面：宝玉低眉从父训 （打一成语）,谜底：垂帘听政
谜面：东宫太子惹不得 （打一成语）,谜底：后生可畏
谜面：赤壁之战的结果 （打二歌星）,谜底：孙悦，刘欢
谜面：人生有变，爱心不变。 （打一字）,谜底：牵
谜面：独生子女合我意 （打一词语）,谜底：一个中心
谜面：田字出头不一点，不念申甲由，若念申甲由不是好秀才。 （打一字）,谜底：神
谜面：田字不出头，不许申甲由，一笔添成字，算你是将才。 （打一字）,谜底：团
谜面：垃圾堆 （打一成语）,谜底：西方净土
谜面：替人垂泪到天明 （打一明朝人名）,谜底：戚继光
谜面：直上云端 （打一字）,谜底：去
谜面：两个月兑现两次 （打一元代名人）,谜底：脱脱
谜面：蒸蒸日上的新中国 （打一物理名词）,谜底：升华
谜面：宝玉不在姑娘在 （打一字）,谜底：安
谜面：太阳太阴一起出现 （打一成语）,谜底：日月同辉
谜面：不是上，不是下，下在上，上在下。 （打一字）,谜底：一
谜面：三人结伴来嘉兴 （打一字）,谜底：秦
谜面：泰山腾空 （打一南宋人名）,谜底：岳飞
谜面：官商合一 （打一红楼梦人名）,谜底：贾政
谜面：兔子不吃窝边草 （打一成语）,谜底：舍近求远
谜面：只要有才，就能生财。 （打一字）,谜底：贝
谜面：一月又一月，月月紧相连。 （打一字）,谜底：用
谜面：有水不清洁 （打一字）,谜底：军
谜面：绝对有始有终 （打一商朝人名）,谜底：纣
谜面：大禹建国 （打一节气）,谜底：立夏
谜面：洪武口谕 （打一字）,谜底：诛
谜面：讨媳妇图漂亮 （打一成语）,谜底：以貌取人
谜面：一撇歪了，一横直了。 （打一字）,谜底：孕
谜面：无冬无夏 （打一古代著作）,谜底：春秋
谜面：反扣成立 （打一字）,谜底：啦
谜面：二直又二直 （打一字）,谜底：坚
谜面：点火就可燃，滴水能润苗。 （打一字）,谜底：尧
谜面：到黄昏点点滴滴 （打五言唐诗一句）,谜底：夜来风雨声
谜面：分明有误 （打一成语）,谜底：阴差阳错
谜面：一星期报道一次 （打一明星）,谜底：周迅
谜面：宋字去了盖，不做木字猜。 （打一字）,谜底：李
谜面：包揽男子体操单项冠军 （打一成语）,谜底：身怀六甲
谜面：桃花映水梅半掩 （打一动物）,谜底：海马
谜面：翻山越岭觅牛仔 （打一成语）,谜底：跳梁小丑
谜面：只在此山中 （打一成语）,谜底：不知所云
谜面：有了儿子，就是老子。 （打一食品）,谜底：木耳
谜面：挑嫩的 （打一作家）,谜底：老舍
谜面：见脚就踢 （打一字）,谜底：易
谜面：爷爷打先锋 （打一南北朝人名）,谜底：祖冲之
谜面：流水已逝去，孤树竟成荫。 （打一字）,谜底：梳
谜面：从上至下，你说念啥。 （打一字）,谜底：坐
谜面：两对夫妻，双拜天地。 （打一成语）,谜底：吞吞吐吐
谜面：一颗心七上八下 （打一歌名）,谜底：《忐忑》
谜面：李斯事君，宝玉孝父。 （打一成语）,谜底：各自为政
谜面：一对燕子天空飞，一只瘦来一只肥；一年四季来一次，一月倒要来三回。 （打一字）,谜底：八
谜面：老子为邻 （打一成语）,谜底：隔墙有耳
谜面：汨罗 （打一成语）,谜底：朝三暮四
谜面：八九点钟的太阳 （打一字）,谜底：晨
谜面：打我知晓，背后有人挑；因何出门来，为指路一条。 （打一物）,谜底：灯笼
谜面：上海滩 （打一军事名词）,谜底：登陆
谜面：礼义廉耻 （打一繁体字）,谜底：_
谜面：问君能有几多愁 （打一成语）,谜底：对答如流
谜面：一气之下，拂手而去。 （打一字）,谜底：氟
谜面：赤子 （打一西游记人名）,谜底：红孩儿
谜面：汗水换来了庄稼 （打一字）,谜底：秆
谜面：韩信被杀谁之过 （打一成语）,谜底：该当何罪
谜面：句中有一字，每月猜三次，就是秀才猜，也得猜十日。 （打一字）,谜底：旬
谜面：讨人喜欢 （打一字）,谜底：竺
谜面：秋后赶到 （打一节气）,谜底：冬至
谜面：人人围着坐 （打一字）,谜底：土
谜面：丝毫不曲 （打一数学名词〕,谜底：绝对值
谜面：大夫提笔 （打一数学名词）,谜底：开方
谜面：从二到九 （打一成语）,谜底：缺衣少食
谜面：背景分明 （打一城市名）,谜底：北京
谜面：矮了七分 （打一成语）,谜底：低三下四
谜面：有意栽花花不发，无心插柳柳成荫。 （打一成语）,谜底：适得其反
谜面：难上加难 （打一国家名）,谜底：越南
谜面：才下眉头，却上心头。 （打一离合字）,谜底：又欠欢
谜面：上下二十日，吃不到口里。 （打一字）,谜底：乾
谜面：美好的中国 （打一红楼梦人物）,谜底：妙玉
谜面：六十二 （打一成语）,谜底：七零八落
谜面：层云隐去月当头 （打一字）,谜底：屑
谜面：废李后，弃孤儿。 （打一植物）,谜底：木瓜
谜面：六一晚会 （打一节日）,谜底：七夕
谜面：木兰打天下 （打一红楼梦人名）,谜底：花袭人
谜面：稍加装扮 （打一三国人名）,谜底：小乔
谜面：加减后得十分 （打一字）,谜底：寺
谜面：春日一刻值千金 （打一省会城市）,谜底：贵阳
谜面：溪边林木森森 （打一字）,谜底：染
谜面：谈论诗词 （打一成语）,谜底：有言在先
谜面：一来就当官 （打一字）,谜底：史
谜面：重 （常言俗语四字）,谜底：千里相逢
谜面：四书六艺都精通 （打一体育项目名）,谜底：十项全能
谜面：绝对无私 （打一北宋人名）,谜底：包公
谜面：何须杀人灭口 （打一字）,谜底：丁
谜面：十两多一点 （打一字）,谜底：斥
谜面：李字少了木，不作子字猜。 （猜一字）,谜底：一
谜面：上也日，下也日，早也热，晚也热。 （打一字）,谜底：暑
谜面：小虫有文化，到处嗡嗡飞。 （打一字）,谜底：蚊
谜面：才始送春归 （猜一字）,谜底：材
谜面：露 （打一气象用语）,谜底：局部有雨
谜面：老鼠过街人人喊打 （打一物理名词）,谜底：消耗
谜面：旅欧随笔 （打一书名）,谜底：《西游记》
谜面：相差无几 （打一山西城市名）,谜底：大同
谜面：张嘴就知没学历 （打一成语）,谜底：口说无凭
谜面：一块豆腐，切成四块，放到锅里，盖上锅盖。 （打一字）,谜底：画
谜面：仁者见仁，智者见智。 （打一成语）,谜底：山重水复
谜面：钢笔和毛笔做一幅画 （打一成语）,谜底：软硬兼施
谜面：上面出头说原因，下面出头是冠军，上下出头是上海，都不出头在农村。 （打一字）,谜底：田
谜面：曹操包公都上台 （打一成语）,谜底：粉墨登场
谜面：柳畔兔半隐，分明成双对。 （打一成语）,谜底：田月桑时
谜面：西湖东湖已转晴 （打一传统节日）,谜底：清明
谜面：一横一横又一横，一竖一竖又一竖，一撇一撇又一撇，一捺一捺又一捺。 （打一字）,谜底：森
谜面：偏旁部首 （打一字）,谜底：位
谜面：田里跑到田外，不能当做古字猜。 （打一字）,谜底：叶
谜面：世界上人马最少的军队 （打一成语）,谜底：单枪匹马
谜面：此起彼落 （打一玩具）,谜底：跷跷板
谜面：不许放牛羊 （打一唐代诗人名）,谜底：杜牧
谜面：头顶一为天，目上有撇填，无火可以燃。 （打一名词）,谜底：大自然
谜面：言师采药去 （打一种文体）,谜底：童话
谜面：十一点，点十一。 （猜一字）,谜底：幸
谜面：孔雀东南飞 （打一字）,谜底：孙
谜面：睡袋破了 （打一俗语）,谜底：窝囊废
谜面：左边不亮右边亮，两者很少同时露面，合并起来亮堂堂。 （打一字）,谜底：明
谜面：燕山有只燕，头尾全不见，心口送猎人，翅膀在伸展。 （打一字）,谜底：北
谜面：喜上眉头 （猜一字）,谜底：声
谜面：有耳能听到，有口能请教，有手能摸索，有心就烦恼。 （打一字）,谜底：门
谜面：十二月 （打一字）,谜底：青
谜面：孙悟空龙宫借宝 （打一成语）,谜底：海底捞针
谜面：黄盖自献苦肉计 （打一成语）,谜底：屈打成招
谜面：片云残月带三星 （打一字）,谜底：泓
谜面：后村闺中听风声 （打一字）,谜底：封
谜面：十日谈 （打一字）,谜底：询
谜面：有点像画眉鸟 （打一生肖）,谜底：马
谜面：先写了一撇，后写了一画。 （打一字）,谜底：孕
谜面：清明前夜 （打一食品）,谜底：元宵
谜面：关公千里走单骑 （打一水浒人物）,谜底：顾大嫂
谜面：闯王府 （打一成语）,谜底：自成一家
谜面：推门望一望，门里一大将，你说关云长，他说楚霸王。 （打一字）,谜底：扇
谜面：愚公之家 （打一成语）,谜底：开门见山
谜面：遇水一片汪洋，逢木可闻花香。 （打一字）,谜底：每
谜面：子时将尽 （打三字日常用语）,谜底：快一点
谜面：遇火燃烧，遇水挨浇，若猜尧字，智谋不足。 （打一字）,谜底：林
谜面：见人就笑 （打一字）,谜底：竺
谜面：龙凤胎 （打一字）,谜底：好
谜面：人人有房住 （打一成语）,谜底：各得其所
谜面：姑娘说话真和气 （打一体育项目）,谜底：女子柔道
谜面：男人的世界 （打一字）,谜底：妩
谜面：五毛钱一次 （打一数学用语）,谜底：一元二次
谜面：雨天没有晴天有，田里没有堤上有，云南没有贵阳有。 （打一字）,谜底：日
谜面：您说此字不难猜，成双便是好伴侣。 （打一字）,谜底：月
谜面：上面去下面，下面去上面，中间去两边，两边去中间。（打一字）,谜底：至
谜面：波动舟留求剑痕 （打一字）,谜底：必
谜面：月缺又重圆 （打一化学分子式）,谜底：CO2
谜面：先先后后见是非 （打一字）,谜底：靠
谜面：爿（打摄影名词一）,谜底：反转片
谜面：地壳运动 （打一宋代诗人）,谜底：陆游
谜面：东西南北心相连 （打一字）,谜底：愣
谜面：葱姜蒜皆可治病 （打一宋代词人）,谜底：辛弃疾
谜面：舍南舍北皆春水 （打一成语）,谜底：左右逢源
谜面：小船儿轻轻飘荡在水中 （打一字）,谜底：沿
谜面：绝色梅艳芳，香消花已谢。 （打一字）,谜底：丰
谜面：欢欢喜喜过个年 （打作家一）,谜底：老舍
谜面：火焰山八戒烂额 （打食品一）,谜底：红烧猪头肉
谜面：新年伊始捷报传 （打成语一）,谜底：双喜临门
谜面：闾 （打黄梅戏词一句）,谜底：夫妻双双把家还
谜面：金银铜铁 （打一江苏地名）,谜底：无锡
谜面：头在海里游，尾在天上发光。 （打一姓氏）,谜底：鲁
谜面：喜上眉梢 （打一字）,谜底：声
谜面：故乡之行 （打一成语）,谜底：旧地重游
谜面：一手力量大如天，竟能搬到一座山。 （打一字）,谜底：扫
谜面：盖一半，露一半，太阳出来晒一半。 （打一物）,谜底：瓦
谜面：一口分两家，二口在下下，三口叠罗汉，四口团团转，五口不是你，六口长双角，七口斥声大，八口双足长，九口多一口，十口非今话。 （打十字）,谜底：日、吕、品、田、吾、曲、叱、只、旭、古
谜面：花香扑鼻 （打一红楼梦人名）,谜底：袭人
谜面：上头在水里，下头在天空，要问家在哪，老家在山东。 （打一字）,谜底：鲁
谜面：表里如一 （打一字）,谜底：回
谜面：写上去 （打一字）,谜底：与
谜面：山重水复疑无路，柳暗花明又一村。 （打一成语）,谜底：峰回路转
谜面：视而不见，听而不闻。 （打一字）,谜底：祈
谜面：一字四笔八个头，内中有水不外流。 （打一字）,谜底：井
谜面：华而不实 （打一植物名）,谜底：桂花
谜面：天下第一家，出门就用它。人家说它小，三月开白花。 （打四姓氏）,谜底：赵、钱、孙、李
谜面：小红果，微压扁，四季养身好东西。 （打一药材）,谜底：枸杞
谜面：夜来风雨声，花落知多少。 （打一成语）,谜底：落花流水
谜面：早不说晚不说 （打一字）,谜底：许
谜面：及早自立谱新篇 （打一字）,谜底：章
谜面：约十二时 （打一姓氏）,谜底：许
谜面：果儿在上头，苗儿在下头，鱼儿在中间，其实在里头。 （打字一）,谜底：田
谜面：劈岩移山，修田植柳。 （打一水果名）,谜底：石榴
谜面：一字十八口，一字口十八。十八口中有，口中有十八。 （打字四）,谜底：杏、呆、束、困
谜面：四季开花 （打一地名）,谜底：长春
谜面：元宵出门赏灯 (打一常言俗语),谜底：外行看热闹
谜面：左看两点水，右看水两点。细看不是水，敲敲硬邦邦。 （打字一）,谜底：冰
谜面：元宵之后柳吐芽 （打一成语）,谜底：节外生枝
谜面：右边有，左边无，后面有，前面无。 （打字一）,谜底：口
谜面：云盖中秋月，雨淋元宵灯。 （打一成语）,谜底：下落不明
谜面：热爱大自然 （打一成语）,谜底：欢天喜地
谜面：一个人喝多了，出门扶着墙。 （打一动物）,谜底：兔
谜面：南字反方向，口字在中央。上下廿四点，捉虫是健将。 （打字一）,谜底：燕
谜面：一只大黑狗，不叫也不吼。 （打字一）,谜底：默
谜面：有人不正，无人不圆。 （打字一）,谜底：扁
谜面：君之过 （打一春秋战国人名）,谜底：夫差
谜面：十个哥哥力量大，一切困难都不怕。 （打字一）,谜底：克
谜面：林木森森 （打字一）,谜底：杂
谜面：年终结账 （打唐诗五言）,谜底：花落知多少
谜面：郑人买履 （打成语一）,谜底：不足为凭
谜面：儿童阅读《封神榜》 （打成语一）,谜底：少见多怪
谜面：吕奉先恐惧不安 （打一离合字）,谜底：布心怖
谜面：顺着念，花丛飞，倒着念，比糖甜。 （打字二）,谜底：蜜蜂
谜面：怀古 （打成语一）,谜底：口是心非
谜面：春秋战国后 （打字一）,谜底：臻
谜面：刚交十二月 （打一水浒人名）,谜底：方腊
谜面：百岁挂帅 （打成语一）,谜底：大器晚成
谜面：跳者有，走者无；高者有，矮者无；智者有，蠢者无；右边有，左边无；凉天有，热天无。 （打字一）,谜底：口
谜面：上八是倒八，下八是正八，十字当中架，人人需要它。 （打字一）,谜底：米
谜面：发射一箭 （打一离合字）,谜底：单弓弹
谜面：二人同过独木桥，顺着次序往前跑。 （打字一）,谜底：丛
谜面：桃花潭水深千尺 （打成语一）,谜底：无与伦比
谜面：待到重阳日 （打字一）,谜底：晶
谜面：何以解忧・・卷帘格 （打一清朝人名）,谜底：康有为
谜面：山连丘，丘连山，石山土丘紧相连。 （打字一）,谜底：岳
谜面：此字不凡仅四笔，无横无直无钩曲，皇帝见了要起身，圣人见了要施礼。 （打字一）,谜底：父
谜面：有一日又不见明月 （打一中国传统节日）,谜底：重阳节
谜面：王白两先生，坐在石头上。 （打字一）,谜底：碧
谜面：从上往下数，只有人一口。 （打字一）,谜底：合
谜面：身在曹营心在汉 （打一成语）,谜底：关怀备至
谜面：大年初一 （打一红楼梦人名）,谜底：元春
谜面：万家团聚迎岁首 （打一江西景区）,谜底：庐山
谜面：可上又可下，老二喊老大。 （打字一）,谜底：哥
谜面：分开三个人，合起来是一群。 （打字一）,谜底：众
谜面：雾中远山横，城头星点点。 （打一节气）,谜底：冬至
谜面：恰如孤月桃花前 （打一运动员）,谜底：姚明
谜面：山庄旧貌改变，一夕秋水清浅。 （打一民俗）,谜底：压岁钱
谜面：春色满园十五夜 （打一成语）,谜底：花好月圆
谜面：不错，不错。 （打文化用品一）,谜底：对联
谜面：胖子开会 （打一省会名）,谜底：合肥
谜面：元旦元宵捷报频传 （打一成语）,谜底：节节胜利
谜面：月光如注草发萌 （打一节气）,谜底：清明
谜面：二丫的容貌 （打一离合字）,谜底：次女姿
谜面：自传 （打《岳阳楼记》一句）,谜底：属予作文以记之
谜面：猜中了 （打成语一）,谜底：不出所料
谜面：久不练功 （打一水浒人名）,谜底：武松
谜面：兼听・・卷帘格 （打一现代人名）,谜底：闻一多
谜面：一言难尽伤心事 （打杜甫五言诗一句）,谜底：苦道来不易
谜面：千树万树梨花开 （打一节气）,谜底：大雪
谜面：于是二世常居禁中，与高决诸事。 （打五言唐诗一句）,谜底：斯人不可闻
谜面：猫哭老鼠 （打一离合字）,谜底：非心悲
谜面：海市蜃楼是幻景 （打字一）,谜底：觑
谜面：黄河解冻 （打一省区名）,谜底：江苏
谜面：飞流直下三千尺 （打一离合字）,谜底：山水而湍
谜面：一雨使成秋 （打《岳阳楼记》一句）,谜底：先天下之忧而忧
谜面：东坡肉 （打一唐朝人名）,谜底：苏味道
谜面：苦肉计 （打成语一）,谜底：屈打成招
谜面：分明曙色入秋江 （台湾名胜）,谜底：日月潭
谜面：风吹草低见牛羊 （打字一）,谜底：蓄
谜面：非洲少年 （打一春秋战国人名）,谜底：墨子
谜面：八一曙光 （离合字）,谜底：军日晖
谜面：李逵秦明双奋勇 （打成语一）,谜底：风风火火
谜面：妇女翻身 （打字一）,谜底：嬉
谜面：古竹参天 （打字一）,谜底：笑
谜面：怎样扮演包公 （俗语五字）,谜底：往脸上抹黑
谜面：蓝色之洋 （打一省区名）,谜底：青海
谜面：假装受伤害 （打一离合字）,谜底：非心悲
谜面：曹操兴兵向蜀中 （打成语一）,谜底：攻其不备
谜面：一家十一口，一家二十口，两家合一起，万事都不愁。 （打字一）,谜底：喜
谜面：元妃回宫，袭人留府。 （打五言唐诗）,谜底：春去花还在
谜面：一切行动听指挥 （打一离合字）,谜底：人人从
谜面：学子远去，又见归来。 （打字一）,谜底：觉
谜面：今天九月初九 （打成语一）,谜底：明日黄花
谜面：水陆不通 （打一河北名胜）,谜底：山海关
谜面：学一段，会下段。 （打字一）,谜底：尝
谜面：金鼓齐鸣 （打成语一）,谜底：不知进退
谜面：左有十八，右有十八，二四得八，一八得八。 （打字一）,谜底：樊
谜面：峰峦重叠草出芽 （打字一）,谜底：茁
谜面：一沾上酒即胡来 （浙江名胜）,谜底：西湖
谜面：多一点能吃，少一点有用。 （打字一）,谜底：术
谜面：看中 （打成语一）,谜底：不相上下
谜面：云儿抹远山，天端掩明月。 （打一节日）,谜底：元旦
谜面：东道主查验入场券 （离合字）,谜底：西示票
谜面：枫林红了 （打一句五言律诗）,谜底：树树皆秋色
谜面：海棠开后残梅落 （打字一）,谜底：淌
谜面：只许眼观 （离合字）,谜底：手莫摸
谜面：行行雁字写云笺 （打成语一）,谜底：一纸空文
谜面：死去原知万事空 （打一通假字）,谜底：亡通无
谜面：雷横陈达先行，解珍杨春断后。 （打成语一）,谜底：虎头蛇尾
谜面：层峦叠翠 （打字一）,谜底：茁
谜面：皎皎月轮照上苑 （北京地名）,谜底：圆明园
谜面：一番番风，一番番雨，一番桃红春山碧。 （打成语二）,谜底：吹吹打打，花花绿绿
谜面：万花纷谢一时稀 （谦辞礼貌用语）,谜底：多谢
谜面：娇女如花只自知 （打成语一）,谜底：其貌不扬
谜面：西施游西湖 （诗经一句）,谜底：在水一方
谜面：残旗下，浪子犹吟。 （打字一）,谜底：游
谜面：隔江犹唱《后庭花》 （打离合字一）,谜底：亡心忘
谜面：上有天堂，下有苏杭。 （广东地名）,谜底：茂名市
谜面：自控 （离合字二）,谜底：告非靠，他人也
谜面：长篇论文 （打成语一）,谜底：千言万语
谜面：众里寻他千百度 （离合字）,谜底：分目盼
谜面：滥竽充数 （打成语一）,谜底：多管闲事
谜面：惜可儿此处阙然・・卷帘格 （红楼梦人名）,谜底：空空道人
谜面：爱上西湖夜半景，花前水畔度平生。 （打一植物）,谜底：浮萍
谜面：看似小孩过家家 （打成语一）,谜底：视同儿戏
谜面：后羿射日 （打一节日）,谜底：重阳节
谜面：芳草凋零 （打字一）,谜底：方
谜面：三丫头 （打一字）,谜底：兰
谜面：朱阁枕黄梁 （打一小说名）,谜底：红楼梦
谜面：千古一绝反复看 （节日纪念日）,谜底：七夕
谜面：出头更虚心 （打字一）,谜底：吏
谜面：草长依稀立后妃 （打字一）,谜底：异
谜面：苦思下联 （打成语一）,谜底：存心作对
谜面：孔明借箭・・卷帘格 （打成语一）,谜底：草木皆兵
谜面：老树春深更著花 （打成语一）,谜底：故态复萌
谜面：此乃泰山之力也 （打离合字一）,谜底：仗丈人
谜面：万紫千红锁清苑 （宋诗七言）,谜底：春色满园关不住
谜面：口吃 （打成语一）,谜底：吞吞吐吐
谜面：质本洁来还洁去・玉版格 （古代著作）,谜底：四书
谜面：皆精于探骊 （通假字）,谜底：各通格
谜面：可怜天涯沦落人 （打成语一）,谜底：在所不惜
谜面：逢十进一下去三 （打字一）,谜底：垒
谜面：朱书免罪 （离合字）,谜底：赤文赦
谜面：儿时默默无闻 （打成语一）,谜底：大名鼎鼎
谜面：夫人何处去 （打字一）,谜底：二
谜面：两岸猿声啼不住 （打一通假字）,谜底：申通呻
谜面：无边春色此时节 （打一省区名）,谜底：广东省
谜面：可可・蕉心格 （打成语一）,谜底：何去何从
谜面：直欲樵渔过此生 （古代书名）,谜底：山海经
谜面：再娶复闻狮子吼 （四书一句）,谜底：河东凶亦然
谜面：网络视频 （打一小游戏名),谜底：连连看
谜面：心胸大一点 （打字一）,谜底：态
谜面：花前柳畔 （打字一）,谜底：节
谜面：一见你就笑 （《赤壁赋》一句）,谜底：顾而乐之
谜面：闺中春梦一夕破 （打一旅游城市名）,谜底：桂林
谜面：佳节又重阳 （打字一）,谜底：倡
谜面：穿墙入室，洗劫一空。 （打一典故）,谜底：凿壁偷光
谜面：竞逐潮汐水去来 （打成语一）,谜底：只争朝夕
谜面：朱阁梧桐恋晚照 （古代著作）,谜底：红楼梦
谜面：村西又植丝丝柳 （打字一）,谜底：杉
谜面：玉容无主病昭阳 （《四书》一句）,谜底：不幸而有疾
谜面：九十年代何为先 （打一传统节日）,谜底：端午
谜面：山在虚无缥缈间 （打一穴位名）,谜底：隐谷
谜面：落魄之至，不堪叙及。 （打成语一）,谜底：穷极无聊
谜面：子弟兵的荣耀 （离合字）,谜底：军光辉
谜面：你我皆非二郎神・・卷帘格 （打成语一）,谜底：目中无人
谜面：灯谜 （打成语一）,谜底：可想而知
谜面：子规夜半犹啼血 （离合字）,谜底：鹃鸣月
谜面：存心不善，有口难言。 （打字一）,谜底：亚
谜面：李自成大战吴三桂 （打成语一）,谜底：旁观者清
谜面：八月中秋・・上楼格 （茶叶名）,谜底：黄金桂
谜面：啃书本 （打成语一）,谜底：咬文嚼字
谜面：行将就木（红楼梦人名）,谜底：贾迎春
谜面：依山傍水 （打字一）,谜底：汕
谜面：放弃权利亮高节 （打一水果）,谜底：凤梨
谜面：一抹斜阳映绿波 （打离合字一）,谜底：日西晒水青清
谜面：二十四省 （节日纪念日）,谜底：三八节
谜面：与人方便 （打字一）,谜底：更
谜面：九月九，同饮黄花酒。 （唐诗五言）,谜底：共醉重阳节
谜面：白话文 （打成语一）,谜底：出口成章
谜面：一线天 （《出师表》一句）,谜底：孤之有孔明
谜面：不尽长江滚滚来 （打成语一）,谜底：波澜壮阔
谜面：总是朝三暮四 （打一离合字）,谜底：夕夕多
谜面：马年岁首须省俭 （打一传统节日）,谜底：端午节
谜面：万紫千红满神州 （打一通假字）,谜底：华通花
谜面：春雨润新苗 （打字一）,谜底：秦
谜面：老婆是人家的好 （打成语一）,谜底：自讨没趣
谜面：高温季节 （打字一）,谜底：淳
谜面：山西省会入选 （《桃花源记》一句）,谜底：晋太原中
谜面：断桥流水 （打字一）,谜底：梳
谜面：绝纱好词木兰诗 （打成语一）,谜底：花言巧语
谜面：之子于归 （离合字）,谜底：嫁女家
谜面：吹落黄花遍地金 （打成语一）,谜底：秋风过耳
谜面：旦末净丑 （打字一）,谜底：星
谜面：在生为公不动摇 （《赤壁赋》一句）,谜底：固一世之雄也
谜面：老子天下第一 （打成语一）,谜底：头头是道
谜面：愿之言曰 （打一唐朝诗人）,谜底：李白
谜面：一心二用 （打字一）,谜底：忿
谜面：王孙低首尚怀惭 （花卉树木）,谜底：含羞草
谜面：自知之明 （离合字）,谜底：吾心悟
谜面：要学竹虚心 （节日纪念日）,谜底：教师节
谜面：从一到十 （打字一）,谜底：坐
谜面：大乔小乔 （打字一）,谜底：娱
谜面：吹箫散楚 （打成语一）,谜底：苦中作乐
谜面：丁年奉使，皓首而归。 （唐诗七言）,谜底：少小离家老大回
谜面：欲效程门立雪 （《论语》一句）,谜底：学而时习之
谜面：提前十天过新年 （打离合字一）,谜底：腊月廿一日
谜面：朝辞白地彩云间，千里江陵一日还。 （打成语一）,谜底：早出晚归
谜面：点点是黄金 （打字一）,谜底：全
谜面：与夫一别音书断 （打一节气）,谜底：立春
谜面：春蚕到死丝方尽，蜡炬成灰泪始干。 （打8字成语一）,谜底：鞠躬尽瘁，死而后已
谜面：以静制动 （七言唐诗一句）,谜底：此时无声胜有声
谜面：着我扁舟一叶 （打字一）,谜底：途
谜面：一片冰心在玉壶 （打民族二）,谜底：藏族，白族
谜面：枝头梨花遮半帘 （打字一）,谜底：棉
谜面：先生无不依之 （打一通假字）,谜底：傅通附
谜面：没有木材 （打字一）,谜底：才
谜面：打算盘 （打成语一）,谜底：挑拨离间
谜面：未仔细说明 （打一离合字）,谜底：羊言详
谜面：淡妆浓抹总无奇 （打成语一）,谜底：粉饰太平
谜面：无丝竹之乱耳 （打一复姓）,谜底：乐正
谜面：遥指红楼是妾家 （打一谜目）,谜底：石头人
谜面：半部春秋 （打字一）,谜底：秦
谜面：车八进一 （打字一）,谜底：轨
谜面：三九严寒何所惧 （花卉树木二）,谜底：腊梅，忍冬
谜面：月亮走，我也走。 （离合字二）,谜底：兔之逸，余之途
谜面：唯有扁舟通水泊 （打一穴位）,谜底：涌泉
谜面：独唱 （打成语一）,谜底：自得其乐
谜面：欲问行人去那边，眉眼盈盈处。 （打一花卉）,谜底：水仙
谜面：好事坏事都要说 （打成语一）,谜底：善有善报，恶有恶报
谜面：白了少年头 （打成语一）,谜底：鹤发童颜
谜面：读书不误人 （打成语一）,谜底：开卷有益
谜面：凉风习习入户来 （打字一）,谜底：扇
谜面：对镜 （打成语一）,谜底：一模一样
谜面：左邻右舍，和则为友。 （打一人体部位）,谜底：肩膀
谜面：话说长江 （打成语一）,谜底：口若悬河
谜面：儿心骄傲母心忧 （打节气二）,谜底：小满，大寒
谜面：千峰笋石千株玉 （打民族名三）,谜底：白族，满族，高山族
谜面：从头说起 （打一离合字）,谜底：首之道
谜面：建业城拦路劫张昭 （打一儿童游戏）,谜底：石头剪子布
谜面：户户垂杨 （打成语一）,谜底：有所建树
谜面：喊声不绝 （打一复姓）,谜底：呼延
谜面：开山造田 （打字一）,谜底：画
谜面：丑人硬是脾气倔 （离合字）,谜底：牛强犟
谜面：增添人口心倍愁 （打一节气）,谜底：立秋
谜面：天下有头皆可剃 （云南城市名）,谜底：大理
谜面：梦中几度坐花轿 （打一谜目）,谜底：通假字
谜面：柳丝轻吹拂栏杆 （打字一）,谜底：形
谜面：旧地他属 （省区名）,谜底：新疆维吾尔自治区
谜面：外孙喜浓妆 （离合字二）,谜底：女子好，色丰艳
谜面：劈岩移山，筑田植柳。. （打字一）,谜底：石
谜面：歌唱家 （文学体裁）,谜底：乐府
谜面：陕西省，西安人。 （打字一）,谜底：侠
谜面：拳术男儿 （打一省会名）,谜底：武汉
谜面：等着鱼儿上钩来 （打一成语）,谜底：揭杆而起
谜面：外伤 （离合字）,谜底：非心悲
谜面：春一半夏一半 （打字一）,谜底：麦
谜面：刘备哭，刘邦笑。 （打字一）,谜底：翠
谜面：四时花草茂 （打一吉林地名）,谜底：长春
谜面：谁能将旗鼓 （离合字二）,谜底：何人可，帅一师
谜面：马年伊始 （打一传统节日）,谜底：端午
谜面：萌动 （打字一）,谜底：朝
谜面：残花败叶落江去 （打成语一）,谜底：付诸东流
谜面：业精于勤 （打一通假字),谜底：功通工
谜面：大儿子爱面子 （复姓二）,谜底：长孙，慕容
谜面：劈开五岳 （打字一）,谜底：岔
谜面：落叶参差花弄影 （打字一）,谜底：哔
谜面：定盟月下，结缘花前 （打15画字一）,谜底：蕴
谜面：阅尽兴亡千古事 （通假字）,谜底：故通顾
谜面：汉皇重色倾国 （复姓二）,谜底：独孤，慕容
谜面：风波亭前谁遇难 （打成语一）,谜底：飞来横祸
谜面：落花无言 （打一字）,谜底：射
谜面：囫囵吞枣 （打成语一）,谜底：不求甚解
谜面：王婆卖瓜 （海南地名）,谜底：海口市
谜面：论长论短莫多言 （打字一）,谜底：仑
谜面：休得再嫁人 （谜目）,谜底：离合字
谜面：云破月来花影碎 （打字一）,谜底：能
谜面：裁员解困，双增双节。 （水果名）,谜底：桂圆
谜面：诸位心中装着我 （称谓职务）,谜底：记者
谜面：读新书读好书 （打成语一）,谜底：不念旧恶
谜面：猫哭老鼠 （打离合字一）,谜底：非心悲
谜面：嫁接 （打成语一）,谜底：节外生枝
谜面：秦城关・・遥对格 （食品名）,谜底：汉堡包
谜面：尚有疏梅傍池旁 （花卉树木）,谜底：海棠
谜面：四季春长在 （离合字）,谜底：十二月青
谜面：上苑望月 （北京地名）,谜底：圆明园
谜面：分开五句话 （打成语一）,谜底：三言两语
谜面：马上开始 （节日纪念日）,谜底：端午
谜面：破晓 （打一成语）,谜底：毁于一旦
谜面：别后寄我书连纸 （通假字）,谜底：辞通词
谜面：木水火土 （打字一）,谜底：钦
谜面：泥他沽酒拔金钗 （打离合字一）,谜底：良人欠饮
谜面：独眼龙看告示 （打成语一）,谜底：一目了然
谜面：长生不老 （打一植物）,谜底：万年青
谜面：后浪推前浪 （打成语一）,谜底：随波逐流
谜面：茶余饭后 （打字一）,谜底：板
谜面：仙人在何处 （省区名）,谜底：山西
谜面：名列前茅 （打字一）,谜底：茗
谜面：举杯望明月 （打成语一）,谜底：唯我独尊
谜面：带罪入山寨，犯事被逐出 （7字俗语）,谜底：上梁不正下梁歪
谜面：夜半月斜水纵横 （打字一）,谜底：浮
谜面：老爷奶奶少爷少奶奶 （打离合字一）,谜底：四口儿
谜面：万丈高空观五岳 （唐诗五言）,谜底：一览众山小
谜面：赔了血本还说好 （打离合字一）,谜底：大亏夸
谜面：前人栽树 （打字一）,谜底：休
谜面：回顾暮春 （花卉树木）,谜底：月季
谜面：山映斜阳 （打字一）,谜底：岁
谜面：几度呼童扫不开 （古小说）,谜底：花月痕
谜面：轻舟点点春波里 （打字一）,谜底：梁
谜面：黯然无声 （打字一）,谜底：黑
谜面：父母之命媒约之言 （打成语一）,谜底：不由自主
谜面：空山之中一亩田 （打字一）,谜底：画
谜面：小米二字有变化・・卷帘格 （小吃名）,谜底：粽子
谜面：八十八 （打字一）,谜底：米
谜面：中秋月色露生花 （文具名）,谜底：圆珠笔
谜面：草木竞秀 （打字一）,谜底：静
谜面：钱塘观潮 （打字一）,谜底：涨
谜面：浪子回头是岸 （打字一）,谜底：良
谜面：飞雪迎春到 （打成语一）,谜底：花天酒地
谜面：沫若诗选 （打字一）,谜底：洁
谜面：您放心，无人猜中 （打一字）,谜底：尔
谜面：蓬门出伟人，分别二十载 （打一植物）,谜底：芦苇
谜面：兄弟翻脸 （人体部位五）,谜底：手，足，背，面，目
谜面：正月初七雨纷纷 （离合字）,谜底：是人日下
谜面：一曲日已沉 （打字一）,谜底：曹
谜面：今四十七岁矣 （打成语一）,谜底：三年之艾
谜面：眉月一直上云端 （打字一）,谜底：丢
谜面：嫦娥落入寻常家 （打花名一）,谜底：仙客来
谜面：他人疾苦记在心 （苏东坡词句）,谜底：自难忘
谜面：阎王告示・・徐妃格 （打一昆虫）,谜底：螟蛉
谜面：九千九百九十九 （打成语一）,谜底：万无一失
谜面：君子国・・折巾格 （打成语一）,谜底：任人唯贤
谜面：怀古西江月 （打字一）,谜底：湖
谜面：自古多情空余恨 （离合字）,谜底：心长怅
谜面：三寸金莲横量・・卷帘格 （打成语一）,谜底：微不足道
谜面：一年 （《诗经》一句）,谜底：上天之载
谜面：扁舟一叶沉水底 （打字一）,谜底：心
谜面：几度夕阳红 （离合字）,谜底：西日晒
谜面：轻移莲步 （杜甫诗名一）,谜底：丽人行
谜面：极度恐惧，举旗投降 （节气二）,谜底：大寒，白露
谜面：外圆正割垂直线，积分开方斜角边 （打一传统节日）,谜底：中秋
谜面：三千宠爱在一身 （复姓二）,谜底：独孤，慕容
谜面：颠三倒四 （打字一）,谜底：泪
谜面：占座而不座 （打字一）,谜底：店
谜面：少林雅聚 （打离合字一）,谜底：寺言诗
谜面：孟德中计斩蔡阳 （打成语一）,谜底：操之过急
谜面：喜上眉梢 （打字一）,谜底：声
谜面：一见君面两断肠 （打一花卉）,谜底：芙蓉
谜面：姑娘十八一朵花 （打离合字一）,谜底：少女妙
谜面：山旁隐现横空日，雨下埋香寂寞人 （传统佳节）,谜底：中秋
谜面：借其东邻米，烹出短尾羊，殷勤邀尔至，三人续文章。 （打成语一）,谜底：欲盖弥彰
谜面：千里香风多变幻，莺飞燕舞报春来（水浒人名）,谜底：花荣
谜面：无边落森萧萧下 （唐诗五言）,谜底：山山黄叶飞
谜面：黄金散尽只留书 （打成语一）,谜底：轻财重信
谜面：骏马驰千里，银燕入云霄。 （打成语一）,谜底：远走高飞
谜面：未来都会交好运 （通假字）,谜底：羊通祥
谜面：短一些再短一些 （打字一）,谜底：此
谜面：千年树无叶 （打字一）,谜底：枯
谜面：倚马可待 （打离合字一）,谜底：文每敏
谜面：百万大裁军 （节日纪念日）,谜底：教师节
谜面：问松我醉何如 （唐诗五言）,谜底：春意知几许
谜面：月既不解饮，影徒随我身 （离合字）,谜底：全一人干
谜面：孔明设计，云长上当。 （打成语一）,谜底：蒙混过关
谜面：不畏浮云遮望眼・・徐妃格 （果品名）,谜底：橄榄
谜面：咸阳一炬化为灰 （离合字二）,谜底：火尽烬，城成土
谜面：秦岭・・遥对格（水浒人名）,谜底：宋江
谜面：梅竹菊・・白头格 （花卉树木）,谜底：吊兰
谜面：既生瑜何生亮 （打成语一）,谜底：自叹不如
谜面：湘水横流一叶偏舟 （打字一）,谜底：想
谜面：大乔嫁孙策，小乔嫁周郎 （离合字）,谜底：一人一夫
谜面：才黄昏，大洋彼岸说清晨・・鼎足格 （打成语一）,谜底：天方夜谭
谜面：床前明月光 （打字一）,谜底：旷
谜面：察言观色・・摘匾格 （蔬菜）,谜底：苋菜
谜面：伸手拉着喜旺嫂 （打字一）,谜底：掇
谜面：任以宫厩令 （复姓二）,谜底：上官，司马
谜面：此物大而轻，肚内火烧心 （打一物品）,谜底：灯笼
谜面：神州无处不春芳 （打通假字一）,谜底：华通花
谜面：请客二十一，口说是初十，内中有一人，又说在初七 （打字一）,谜底：靴
谜面：泉水流，灯火暗，明月当空秋自寒 （花卉）,谜底：白丁香
谜面：心爱离人归墓下，三更枕边泪掩眼 （广东地名）,谜底：深圳
谜面：面具・・梨花格（红楼梦人名）,谜底：贾蓉
谜面：人能驾云 （打字一）,谜底：会
谜面：载分离终可聚，两人相对共倾心 （花名）,谜底：荷花
谜面：旧世界打个落花流水 （离合字）,谜底：奴心怒
谜面：包拯、海瑞、况钟列传 （打京剧名一）,谜底：清官册
谜面：三十六计何为上 （离合字）,谜底：选先走之
谜面：望眼欲穿・・摘匾格 （水果名）,谜底：芭蕉
谜面：埋没着聪明 （人体部位）,谜底：天灵盖
谜面：从河南谈到南海 （千字文）,谜底：悦豫且康
谜面：红樱桃 （离合字）,谜底：如女口
谜面：伞、箬笠、蓑衣 （打离合字一）,谜底：雨而需
谜面：屠龙失败，遂用缠绕 （六字俗语）,谜底：吃不了兜着走
谜面：世上清浊尽流东 （打字一）,谜底：蝶
谜面：蒋干盗书 （打成语一）,谜底：字里行间
谜面：会当凌绝顶，一览众山小 （打成语一）,谜底：登高望远
谜面：瓤在哪儿・徐妃格 （动物名）,谜底：狐狸
谜面：小犊恋留田埂上，孤星横贯月空中 （花名）,谜底：牡丹
谜面：人之初・・秋千格（古代乐师）,谜底：善本
谜面：三人成虎 （离合字）,谜底：言化讹
谜面：仲尼居，曾子侍・・卷帘格 （礼貌词）,谜底：尊师爱徒
谜面：百花争妍 （打离合字一）,谜底：丰色艳
谜面：锅漏干船漏满 （打成语一）,谜底：破釜沉舟
谜面：人寿保险・・卷帘格（春秋战国人名）,谜底：安期生
谜面：霸王乌江自刎 （打字一）,谜底：翠
谜面：频年不解兵・折巾格（三国人名）,谜底：张角
谜面：日边红杏倚云栽・・蝇头格 （花卉树木）,谜底：昙花
谜面：甫入葡园枝累累，正临华苑草萋萋 （花名）,谜底：菊花
谜面：话出有音 （打字一）,谜底：谙
谜面：水火相容 （打字一）,谜底：淡
谜面：此系身前身后事・・卷帘格 （打成语一）,谜底：无中生有
谜面：辛亥革命・・梨花格 （山东地名）,谜底：青岛
谜面：瓤・・徐妃格 （打一动物）,谜底：狐狸
谜面：二十尚不足，十五颇有余・・睡鸭格（数学家）,谜底：华罗庚
谜面：新娘会新郎 （打字一）,谜底：规
谜面：笔难写心上情、此处落笔此处停 （打字一）,谜底：一
谜面：吹皱一池春水・・摘匾格 （蔬菜）,谜底：菠菜
谜面：生员与和尚口角，和尚不成和尚，生员不成生员 （打字一）,谜底：赏
谜面：万箭射虎全无中・・玉带格 （唐诗五言）,谜底：人人迷不悟
谜面：心底无私天地宽 （打离合字一）,谜底：舍予舒
谜面：论灯谜青出于蓝 （打成语一）,谜底：谈虎色变
谜面：贝字欠两点，不作目字猜 （打字一）,谜底：资
谜面：华夏之后 （打一节日）,谜底：中秋
谜面：月底站岗 （《论语》一句）,谜底：三十而立
谜面：三十上下模样，却似花儿一般 （打字一）,谜底：卉
谜面：落叶・・白头格 （水果名）,谜底：荔枝
谜面：一年之计在于春 （《诗经》一句）,谜底：载要其端
谜面：三碗水・・遥对格 （宁夏地名）,谜底：六盘山
谜面：丰收之后财源来 （打字一）,谜底：责
谜面：他年葬侬知是谁・・卷帘格 （唐诗五言）,谜底：感时花溅泪
谜面：新春伊始，合家团聚 （打字一）,谜底：庐
谜面：八分痴想，十分倾慕，十二分心许 （社会现象）,谜底：三角恋
谜面：山外有山，人外有人 （红楼梦诗曲一句）,谜底：天下无能第一
谜面：蝙蝠能飞不是禽・・蜂腰格 （动物名）,谜底：无翼鸟
谜面：黄鼠狼与狐狸结亲 （打成语一）,谜底：臭味相投
谜面：马路消息 （打成语一）,谜底：道听途说
谜面：谜中人 （打成语一）,谜底：隐姓埋名
谜面：没有房子也嫁与 （打成语一）,谜底：无所适从
谜面：许仙揭帐丧魂胆，白氏上山取灵芝・双钩格 （打成语一）,谜底：打草惊蛇
谜面：女大不中留 （谜目）,谜底：外作家
谜面：讨厌！！人家鸡叫，吓我一跳！！ （唐诗）,谜底：恨别鸟惊心
谜面：马路噪音多，都说太讨厌 （打成语一）,谜底：怨声载道
谜面：论水上本事，黑旋风、神行太保均在浪里白跳之下 （打成语一）,谜底：张冠李戴
谜面：鹦鹉学我舌 （离合字二）,谜底：鸟口鸣，吾言语
谜面：左看一个月，右看廿一天，左右一齐看，原来是年底 （打字一）,谜底：腊
谜面：不经一事，不长一智・・卷帘格 （打成语一）,谜底：能者多劳
谜面：望眼欲穿，念念不忘 （花卉树木）,谜底：芭蕉
谜面：金谷妇爱石崇，潇湘女恋宝玉 （打成语一）,谜底：绿林好汉
谜面：一口吃掉牛尾巴 （打字一）,谜底：告
谜面：广开贤路・・卷帘格（红楼梦人名）,谜底：张道士
谜面：中秋团圆郎莫忘 （西厢记一句）,谜底：此一节君须记
谜面：求善而沽・・解带（红楼梦人名）,谜底：贾宝玉
谜面：千秋秦皇岛・秋千格（红楼梦人名）,谜底：贾政
谜面：一年岁首 （《诗经》一句）,谜底：载要春端
谜面：千里走单骑，古城会玄德 （打成语一）,谜底：关怀备至
谜面：左手一只鸡，右手一只鸭 （通假字）,谜底：禽通擒
谜面：弯弯・・徐妃格 （昆虫）,谜底：蛐蛐
谜面：猫狗像什么 （打成语一）,谜底：如狼似虎
谜面：谜面与谜底浑成 （打成语一）,谜底：表里如一
谜面：声声啼到明 （打成语一）,谜底：自鸣得意
谜面：花园四角方，里面真荒凉，只有一棵树，种在园中央 （打字一）,谜底：困
谜面：单刀赴会・・蝇头格 （宋词句）,谜底：大江东去
谜面：文姬・・遥对格 （湖北地名）,谜底：武汉
谜面：日影 （打成语一）,谜底：目光不足
谜面：一梦青春两鬓霜 （唐诗五言）,谜底：少壮能几时
谜面：裹脚・・遥对格 （内蒙古地名）,谜底：包头
谜面：单线联络 （离合字）,谜底：专人传
谜面：十月怀胎，一朝分娩 （打成语一）,谜底：挺身而出
谜面：未失道也 （唐诗七言）,谜底：此时无声胜有声
谜面：百神翳其备降兮 （人体部位）,谜底：天灵盖
谜面：不失人格亮高节，宁丢顶上此乌纱 （打字一）,谜底：荷
谜面：可堪对足下，清容若父存 （打成语一）,谜底：掌上明珠
谜面：万山红遍・・掉首格 （市名二）,谜底：成都，赤蜂
谜面：买卖・・回文格 （离合字）,谜底：货化贝，贝化货
谜面：请问岳父贵姓 （打成语一）,谜底：不识泰山
谜面：一直相同 （打一字）,谜底：司
谜面：楚腰纤细掌中轻・・粉底格 （传统节日一）,谜底：端午
谜面：一笑二笑连三笑・卷帘格 （地名二）,谜底：乐都，六合
谜面：万念俱灰，只剩泪一滴 （打字一）,谜底：芳
谜面：全面开垦北大荒 （打成语一）,谜底：不留余地
谜面：大地旅行（中国古代作家名）,谜底：陆游
谜面：孙猴出世・・秋千格 （花卉树木）,谜底：生石
谜面：阐述发兵理由 （古文名篇一）,谜底：出师表
谜面：却把西方当东方 （打成语一）,谜底：反客为主
谜面：分明两项呈阳性 （十二笔字）,谜底：朝
谜面：岁岁除夕不归来 （打字一）,谜底：出
谜面：一支手，精又巧，劳动工作少不了 （打字一）,谜底：技
谜面：挂住斜晖 （离合字）,谜底：日莫暮
谜面：自学成才・・卷帘格 （节日纪念日）,谜底：教师节
谜面：使我不得开心颜・・秋千格 （花卉树木）,谜底：郁李
谜面：抗日丰碑 （古典小说二）,谜底：石头记，荡寇志
谜面：万里长城金汤固・・只履格 （湖泊名）,谜底：莫愁湖
谜面：钟山风雨・・徐妃格 （水果名）,谜底：柠檬
谜面：言师采药去・・掉头格 （唐诗）,谜底：山在虚无缥缈中
谜面：三十六计占头着 （离合字）,谜底：先选走之
谜面：曲终青衫湿 （打成语一）,谜底：乐极生悲
谜面：眼看着物价飞涨 （通假字）,谜底：张通胀
谜面：百分之百了解 （朝代三）,谜底：元，明，清
谜面：有口难言 （打字一）,谜底：亚
谜面：虽称生，其实是姐儿、妹子 （打字一）,谜底：甥
谜面：脱我战时袍，着我旧时裳 （菊花品种）,谜底：木兰换装
谜面：少小离家老大回 （打字一）,谜底：夭
谜面：妊娠反应 （打成语一）,谜底：喜形于色
谜面：从口入初极狭 （离合字）,谜底：穴乍窄
谜面：十女同耕半边田 （打字一）,谜底：妻
谜面：五体投地 （打通假字一）,谜底：服通伏
谜面：古稀之年入仙境 （陕西名胜）,谜底：华山
谜面：瞎子买画 （打成语一）,谜底：不问青红皂白
谜面：四下随员催欲归 （离合字二）,谜底：众人从，口口回
谜面：诲人不倦・・徐妃格 （动物名）,谜底：螺蛳
谜面：耕者忘其犁，锄者忘其锄 （歌曲名）,谜底：对面的女孩看过来
谜面：一字七横六直，世上少有人知。有人去问刘备，刘备去问孟德 （打字一）,谜底：曹
谜面：霸王别姬 （古诗集二）,谜底：楚辞，离骚
谜面：青山两边低，八字在中间，有力支撑起，没有一文钱 （打字一）,谜底：穷
谜面：人君之象比乎日（金庸小说人名）,谜底：王重阳
谜面：雾都・・求凰格 （江苏地名）,谜底：连云港
谜面：孤雁飞飞不在行 （离合字）,谜底：离人禽
谜面：下笔忌重着墨忌浓 （打成语一）,谜底：轻描淡写
谜面：一篇篇授奖 （打离合字一）,谜底：分页颁
谜面：洗照片 （打成语一）,谜底：原形毕露
谜面：一年又一年 （通假字),谜底：载通再
谜面：书信一封去搬兵 （打离合字一）,谜底：文求救
谜面：疏雨落梧桐 （打字一）,谜底：沐
谜面：它年攀桂步蟾宫，必定在我 （打成语一）,谜底：少年壮志
谜面：为有源头活水来・・解带 （唐诗五言）,谜底：清泉石上流
谜面：青莲碧水两相映（宋朝人名）,谜底：李清照
谜面：守株待兔 （打字一）,谜底：柳
谜面：无须请客送礼・・卷帘格 （节日纪念日）,谜底：情人节
谜面：三人同日见，百花齐争艳 （打字一）,谜底：春
谜面：先后一致尽左袒 （节日）,谜底：元旦
谜面：却疑凝水结秋愁（现代文人）,谜底：冰心
谜面：烽燧戏诸侯 （离合字二）,谜底：烟火因，女喜嬉
谜面：象棋盘里下跳棋 （打成语一）,谜底：路数不对
谜面：宜下不宜上 （打字一）,谜底：且
谜面：入咸阳烧阿房・・玉带格 （提示：鸟名）,谜底：秦吉了
谜面：一首残阳铺水中・・折巾格　（提示：广东地名）,谜底：珠江
谜面：甜包子・・梨花格　（提示：河北地名）,谜底：唐县
谜面：独钓寒江雪 提示：打字一,谜底：艘
谜面：武二请教小郓哥 提示：唐诗五言,谜底：松下问童子
谜面：失业・・徐妃格 提示：广西地名,谜底：漓江
谜面：如何猜印谜 提示：打成语一,谜底：断章取义
谜面：大户・・下楼格 提示：三字经一句,谜底：家天下
谜面：何方行者，更在伯爵之上・徐妃格 提示：哺乳动物二,谜底：猢孙，猕猴
谜面：用刀不慎・卷帘格 提示：国名,谜底：意大利
谜面：若瓦学士岂不破碎乎 提示：离合字,谜底：石更硬
谜面：五洲人民齐欢笑 提示：打成语一,谜底：普天同乐
谜面：断一半，续一半，接起来，不再断 提示：打字一,谜底：继
谜面：未下水之长者，焉知圆池之宽 提示：打成语一,谜底：羊肠小径
谜面：七・・卷帘格 提示：节日纪念日,谜底：六一节
谜面：慈母手中线・上楼格 提示：昆虫,谜底：纺织娘
谜面：腹部盖章・・粉底格 提示：国名,谜底：印度
谜面：携千金出迎 提示：离合字,谜底：拉女接
谜面：马儿啊你慢些走・・卷帘格 提示：法律词语,谜底：缓期执行
谜面：王昭君仰首看斜月，云天吊亡魂 提示：猜一字,谜底：望
谜面：赶羊群，吊银线，彩色桥梁空中悬 提示：打三种自然现象,谜底：云、雨、虹
谜面：轻舟已过万重山・・梨花格 提示：汉代人名,谜底：樊哙
谜面：哑谜 提示：打成语一,谜底：难言之隐
谜面：山乡水、水乡山，而今处处变了样 提示：打字一,谜底：绿
谜面：落落难合 提示：礼貌语二,谜底：谢谢，对不起
谜面：黄袍加身 提示：离合字,谜底：袭龙衣
谜面：上林清景 提示：词曲牌名二,谜底：汉宫春，淡黄柳
谜面：言多必失 提示：打成语一,谜底：祸从口出
谜面：刚生下孙子・・徐妃格 提示：鸟名,谜底：鹦鹉
谜面：言多必失 提示：唐诗七言,谜底：此时无声胜有声
谜面：一波才动万波随 提示：离合字,谜底：水连涟
谜面：未若锦囊收艳骨，一g净土掩风流 提示：鲁迅书目二,谜底：华盖集，坟
谜面：绝色已随江水尽，鸳鸯却入黄粱来 提示：古书,谜底：红楼梦
谜面：人面不知何处去 提示：红楼梦人名,谜底：花自芳
谜面：东风不与周郎便 提示：离合字二,谜底：关二美，娇乔女
谜面：乔国老・・徐妃格 提示：动物名,谜底：蜈蚣
谜面：喝了池中一碗水，又笑又骂又软腿 提示：打一字,谜底：酒
谜面：万顷碧波涌水轮 提示：唐诗五言,谜底：海上生明月
谜面：西蜀天漏 提示：通假字,谜底：益通溢
谜面：南枝开放北枝寒 提示：姓氏五,谜底：向，阳，梅，花，张
谜面：泰山顶上冲云霄 提示：猜一历史人物名,谜底：岳飞
谜面：吕布变了，吕布变了 提示：手机操作语,谜底：回复
谜面：东南西北燕分飞 提示：字谜,谜底：口
谜面：男女声合唱 提示：打成语一,谜底：异口同声
谜面：交上去三十，省下来十八 提示：节日纪念日,谜底：父亲节
谜面：第三十七计 提示：成语,谜底：无中生有
谜面：网上落泪又相思 提示：农作物一,谜底：罗汉豆
谜面：言教不如身教 提示：唐诗七言,谜底：此时无声胜有声
谜面：从此君王不早朝 提示：动物名,谜底：变色龙
谜面：丝丝杨柳随风舞 提示：打字一,谜底：彪
谜面：爱听老公唱一曲 提示：歌曲名,谜底：好汉歌
谜面：多年旧情面 提示：中药,谜底：陈皮
谜面：一曲离亭涕泪零 提示：古书名,谜底：楚辞
谜面：齐人非福不须提 提示：神话传说人物,谜底：女娲
谜面：一字三个口，不能猜作品 提示：字谜,谜底：目
谜面：六点一分东方明，有望采得火种 提示：节日冠日期,谜底：八月十五中秋
谜面：芳草离离生塘边 提示：打字一,谜底：坊
谜面：近水楼榭先得月 提示：打15画字一,谜底：潸
谜面：田文借晓函谷关，项庄助酒鸿门宴。 （打成语一）,谜底：闻鸡起舞
谜面：先检验体育器材 提示：游目谜,谜底：木马
谜面：仙居 提示：唐诗六言,谜底：空山更有人家
谜面：泼墨淋漓 提示：离合字,谜底：泻水写
谜面：文犹质也 提示：通假字,谜底：财通材
谜面：人面桃花相映红 提示：复姓,谜底：赫连
谜面：一轮清辉照申城・调首格 提示：唐诗,谜底：海上升明月
谜面：夜夜看落花，打一礼貌用语？,谜底：多谢
谜面：千・・求凰格 提示：花卉树木,谜底：百合
谜面：不问明白不罢休 提示：昆虫,谜底：知了
谜面：晶体分解数目 提示：工商用语,谜底：三无产品
谜面：有人在家吗？ 提示：打离合字一,谜底：门口问
谜面：夕夕相处 提示：花卉树木,谜底：夜合
谜面：本应退一，反而进三 提示：食物,谜底：板面
谜面：万古流芳 提示：花卉树木,谜底：素馨
谜面：行千里访木兰 提示：打成语一,谜底：走马观花
谜面：着装过时毋宁死 提示：八字谚语,谜底：衣不如新，人不如故
谜面：雾失楼台，月迷津度 提示：唐诗七言,谜底：两处茫茫皆不见
谜面：七人行车菩萨前 提示：花卉树木,谜底：莲花
谜面：粤剧奉命到京演出 提示：打成语一,谜底：南腔北调
谜面：有衣长袖，襟领相连。 提示：打字一,谜底：农
谜面：早晨发生大地震 提示：打成语一,谜底：毁于一旦
谜面：兀那贼秃，若叫俺撞见。休怪俺欺负你 提示：唐诗五言,谜底：会当凌绝顶
谜面：细想碧霄黄泉事 提示：苏东坡词句,谜底：何似在人间
谜面：张飞审瓜 提示：打成语一,谜底：事出有因
谜面：张飞钻进树洞里 提示：打成语一,谜底：英雄无用武之地
谜面：岁月催得两鬓霜 （探骊格）,谜底：时令-白露
谜面：花须连夜发，莫待晓风催 （探骊格）,谜底：时令-立春
谜面：万紫千红总是春 提示：探骊格,谜底：节目-花儿会
谜面：习写兰亭字相连 提示：唐诗五言,谜底：临行密密缝
谜面：孟德无恙 提示：河北地名二,谜底：魏，武安
谜面：草上露万珠，点点入水中 提示：歌曲,谜底：小芳
谜面：月既不解饮，影徒随我身 提示：打成语一,谜底：唯吾独尊
谜面：孕妇过独木桥 提示：打成语一,谜底：挺而走险
谜面：从早到晚说自己 提示：文学体裁,谜底：日记
谜面：问渠哪得清如许 提示：通假字,谜底：原通源
谜面：为岁之首，为月之中 提示：唐诗目,谜底：春望
谜面：朝闻道，夕死可矣 提示：昆虫,谜底：知了
谜面：人人评红楼 提示：现代画家,谜底：齐白石
谜面：牧童遥指杏花村 提示：花卉树木二,谜底：牵牛，报春
谜面：万条垂下绿丝绦 提示：菊花品种,谜底：柳线
谜面：万紫千红不识名 提示：经济作物,谜底：花生
谜面：行若曾子同子夏 提示：唐诗五言,谜底：动如参与商
谜面：枝头累累 提示：打字一,谜底：夥
谜面：国 提示：灯谜术语,谜底：玉带格
谜面：消费趋势 提示：苏东坡词句,谜底：似花还似非花
谜面：穷困愈能造就英雄 提示：二十四诗品,谜底：强得易贫
谜面：人工海浪，独具匠心 提示：食品带量,谜底：咸水花生一斤
谜面：人猿相揖别 提示：生物学术语,谜底：动物分类
谜面：日月无光 提示：传统节日一,谜底：清明
谜面：宁为玉碎，不为瓦全 提示：节日纪念日,谜底：护士节
谜面：猜谜者请就位 提示：星座,谜底：射手座
谜面：初尝改革甜头来 提示：历史事件,谜底：甘露之变
谜面：香巾索字花攀枝 提示：游目谜,谜底：棉
谜面：一片汪洋都不见 提示：姓氏五,谜底：大，海，水，全，光
谜面：中国在改革中 提示：打字一,谜底：虹
谜面：与众芳为伍 提示：打植物一,谜底：结香
谜面：中外合资 提示：打字一,谜底：钟
谜面：小康美景 提示：朱德诗句,谜底：丰衣足食万家欢
谜面：坠入黑暗 提示：打成语一,谜底：下落不明
谜面：与吾同伴入林间 提示：树木名,谜底：梧桐
谜面：是鸡不长毛，是牛不耕田，是猫不捕鼠，是虎不上山 提示：打四种动物,谜底：田鸡、蜗牛、熊猫、壁虎
谜面：十月先开岭上梅 提示：经济作物,谜底：早花生
谜面：三请樊梨花 提示：春秋战国人名,谜底：夫差
谜面：直上浮云间 提示：打字一,谜底：去
谜面：江湖神游眼迷离 提示：花卉树林,谜底：水仙花
谜面：相逢一笑泯恩仇 打一苏东坡词句,谜底：不应有恨
谜面：最远到罗马 提示：打成语一,谜底：过意不去
谜面：闺中软语着人迷 提示：灯谜用语,谜底：佳谜
谜面：黄河远上白云间 提示：称谓职务,谜底：派出所长
谜面：终年四十 提示：打字一,谜底：葬
谜面：天子欲求真国色 提示：花卉树木,谜底：龙须牡丹
谜面：终其天年 提示：打字一,谜底：踌
谜面：钟馗赴任 提示：打字一,谜底：魏
谜面：王水显然混合成 提示：福建地名,谜底：晋江
谜面：马上和盘托出 提示：节日纪念日,谜底：端午
谜面：人面不知何处去 提示：复姓,谜底：完颜
谜面：不许使暴力 提示：文学题材,谜底：应用文
谜面：染指与插足 提示：四字口语,谜底：动手动脚
谜面：临别赠言 提示：三字口语,谜底：外行话
谜面：谁知中餐，粒粒皆辛苦 （打一成语）,谜底：点点滴滴
谜面：“饥读之以当肉，寒读之以当裘”（外影目）,谜底：本能2
谜面：“鱼生火，肉生痰，青菜豆腐保平安”（泰国地名）,谜底：素可泰
谜面：长三角（影目）,谜底：斗鸡
谜面：相形之下更狡猾（四字软件一）,谜底：比特精灵
谜面：名师出高徒（四字计生用语）,谜底：优生优育
谜面：参加前线动员会（市招）,谜底：喷绘
谜面：红灯停，绿灯行（软件）,谜底：彩易通飞翔之翼等
谜面：染于苍则苍，染于黄则黄，所入者变，其色亦变（软件）,谜底：彩易通锦水归帆
谜面：执子之手共白发，一生未变当如初（称谓）,谜底：好拍档
谜面：堂前松柏半掩，雪后梅枝孑然（称谓）,谜底：好拍档
谜面：受尽半生相思苦，为她白首亦心甘（电影）,谜底：如果
谜面：纵使真的喜欢，也得隔开一点（电影）,谜底：如果・爱文山
谜面：一骑红尘妃子笑（电影）,谜底：如果・爱武骝等
谜面：曰：“唉！竖子不足与谋。”(三国演义连环画名),谜底：小霸王孙策
谜面：对遗弃女婴，要负责到底（奥运会吉祥物名）,谜底：贝贝
谜面：不管风吹雨打，胜似闲庭信步”（2005流行语）,谜底：经济自由度
"谜面：“君,舟也;民, 水也;水能载舟,亦能覆舟”（黄易小说）",谜底：浮沉之主
谜面：文史专业不拿手（日货品牌二，卷帘）,谜底：精工、理光
谜面：“家里盘着两条龙是长江与黄河” (《公务员法》用词),谜底：内部交流
"谜面：故天将降大任于斯人也,必先苦其心志,劳其筋骨,饿其体肤,空乏其身,行拂乱其所为（石油地质名词）",谜底：压力系数
"谜面：“陋室空堂,当年笏满床,衰草枯杨,曾为歌舞场。” (天文学家)",谜底：赫歇尔一家
谜面：“今日方才到嘴边”（华语片世纪百佳）,谜底：似水流年
谜面：唯有相知才结交（历史名女),谜底：吕雉
谜面：“主公大权，不可委托他人”（五字广告语）,谜底：要爽由自己
谜面：“不及黄泉，无相见也”（六字央视时政特别节目名）,谜底：直通地方两会
谜面：残梦难眠叶半凋（河南地名二）,谜底：民权、周口
谜面：一要用心，二要心恒（企业字号）,谜底：丰日
谜面：几度吾又入西林（毛笔品名）,谜底：凤栖梧
谜面：“岳老大是不行，老二是不错的”（ 5字语文用语）,谜底：第一自然段
谜面：开“大奔”、逐“绝色”、会“要员”(市招),谜底：喷绘
谜面：参加前线动员会(市招),谜底：喷绘
谜面：“脱帽露顶争叫呼” （航天名词）,谜底：发现号
谜面：“今也天下之人怨恶其君，视之如寇仇”（外电影）,谜底：全民情敌
谜面：阿哥住楼顶（射闽南话歇后语一）,谜底：高高在上
谜面：卖鸭卵车倒担（射闽南话歇后语一）,谜底：看破
谜面：鸭卵掷过山（射闽南话歇后语一）,谜底：看破
谜面：鲁迅逝世一世纪（打一成语）,谜底：百年树人
谜面：建国方略(打一字),谜底：玉
谜面：七仙女嫁出去一个（打一成语）,谜底：六神无主
谜面：拍一个巴掌（打一地名）,谜底：五指山
谜面：什么动物行也是坐，坐也是坐，睡也是坐？打一动物,谜底：青蛙
谜面：石头旁边有块皮（打一字）,谜底：破
谜面：去竞赛原是笨狗（NBA球员）,谜底：毕比
谜面：成绩棒总是闲云（西游记地名）,谜底：高老庄
谜面：受感动全是汉子（物理名词）,谜底：激光束
谜面：喊声长定是烟烟（复姓二）,谜底：呼延/段干
谜面：小小诸葛亮，独坐军中帐，摆成八卦阵，专抓飞来将（打一常见动物）,谜底：蜘蛛
谜面：墙上挂灯谜（打一动物名）,谜底：壁虎
谜面：爷爷当先锋（打南北朝人名）,谜底：祖冲之
谜面：又一个星期（打古代文献名）,谜底：周易
谜面：盼天明(打一欧洲首都),谜底：巴黎
谜面：无头无尾一亩田.(打一动物),谜底：狗
谜面：绝妙好言(打一动物),谜底：狼狗
谜面：一年四季是春天(打一城市名),谜底：长春
谜面：人言此山天外来(打一个书名),谜底：岳飞传
谜面：羌音打破苍暮声(打一个字),谜底：枪
谜面：鲁迅逝世一世纪(打一成语),谜底：百年树人
谜面：七仙女嫁出去一个(打一成语),谜底：六神无主
谜面：拍一个巴掌打一地名,谜底：五指山
谜面：石头旁边有块皮(打一字),谜底：破
谜面：死节从来岂顾勋（武侠小说用词）,谜底：绝世轻功
谜面：君用一物，足以御狄，安用我等？（对联术语）,谜底：鹤顶格
谜面：子野事迹录于册（称谓冠姓二）,谜底：张先生、平书记
谜面：指鹿为马，分清趋附之辈（足球球员连场上动作）,谜底：高明顺势一拨
谜面：田权有争议，须去打官司（语文教学用语）,谜底：分不清的地得用法
谜面：寻根同祖先，归心盼三通（字）,谜底：祷
谜面：北派打法变得愈来愈少（世界军事史名词),谜底：越战越南化
谜面：此乃吾所以居子之上也（北魏历史事件）,谜底：盖吴起义
谜面：风光别我苦吟身（反探骊）,谜底：要离・春秋人
谜面：尘埃不见咸阳桥（旅游点连省级区划）,谜底：灰腾梁内蒙
谜面：半生的情，半生的泪，半生的痛，半生的追悔莫及（省份连县）,谜底：青海大通
谜面：亚父定计鸿门宴（电信用语）,谜底：增设套餐
谜面：因我来迟，赶不上他，我绊了一跌（千家诗句）,谜底：尽是刘郎去后栽
谜面：董狐直笔堪典范（明人冠谥号）,谜底：忠正史可法
谜面：铁马冰河入梦来（商品简称冠商标）,谜底：联想激打
谜面：夺取要塞，补充粮草（报道用语）,谜底：据有关资料
谜面：然也！其所言非其所思，故唾之（离合字二）,谜底：嗯因心口、不一口呸
谜面：半樽相送醉离人（五唐）,谜底：未休关西卒
谜面：若依小人一件事，便敢送去（港艺员演出用语）,谜底：许志安担纲
谜面：阅历丰富事易成（歌词）,谜底：经过多少失败
谜面：柳耆卿重义疏财（国际关系用语）,谜底：没有永远的朋友，只有永远的利益
谜面：无可奈何花落去 （打一日常用语）,谜底：感谢
谜面：品尝杜康樽半空（花名）,谜底：棣棠
谜面：楷隶皆融 尚朴为先（花名）,谜底：棣棠
谜面：杜康庄下犹说帝，怀李堂前每念唐（花名）,谜底：棣棠雪梦
谜面：开“大奔”、逐“绝色”、会“要员”（市招）,谜底：喷绘
谜面：草上飞（射国字一）,谜底：早
谜面：春去也，花落无言（射国字一）,谜底：榭
谜面：今朝泪如雨（射国字一）,谜底：漳
谜面：一家十一口（射国字一）,谜底：吉
谜面：是非只为多开口（射国字一）,谜底：匪
谜面：弄璋之喜（射国字一）,谜底：甥
谜面：中央一条狗，上下四个口（射国字一）,谜底：器
谜面：一家有四口，还要养只狗（射国字一）,谜底：器
谜面：说他忘，他没忘，心眼长在一边上（射国字一）,谜底：忙
谜面：人者何所乐（射大陆地名一）,谜底：应山
谜面：锄禾日当午（射大陆地名一）,谜底：田阳
谜面：永久和平（射大陆地名一）,谜底：长安
谜面：黄昏（射大陆地名一）,谜底：洛阳
谜面：一路平安（射大陆地名一）,谜底：旅顺
谜面：武陵人（射台湾地名一）,谜底：仁武
谜面：四季花开（射台湾地名一）,谜底：恒春
谜面：四季如春（射台湾地名一）,谜底：恒春
谜面：山明水秀（射台湾地名一）,谜底：景美
谜面：北军归顺（射台湾地名一）,谜底：南投
谜面：南军归顺（射台湾地名一）,谜底：北投
谜面：君子之交（射台湾地名一）,谜底：淡水
谜面：改邪归正（射台湾地名一）,谜底：善化
谜面：开张大吉（射台湾地名一）,谜底：新店
谜面：饮水思源（射台湾地名一）,谜底：知本
谜面：玉皇太后（射台湾地名一）,谜底：天母
谜面：空中霸王（射台湾地名一）,谜底：高雄
谜面：雨后春笋（射台湾地名一）,谜底：新竹
谜面：狼来了（射台湾地名一）,谜底：杨梅
谜面：无盐（射台湾地名一）,谜底：淡水
谜面：万世太平（射台湾地名一）,谜底：永和
谜面：怀胎十月（射台湾地名一）,谜底：大肚
谜面：沃野千里（射台湾地名一）,谜底：丰原
谜面：云中岳（射台湾地名一）,谜底：雾峰
谜面：山在虚无飘渺间（射台湾地名一）,谜底：雾峰
谜面：白昼无光（射台湾地名一）,谜底：乌日
谜面：老人扛轿（射台湾地名一）,谜底：白毛台
谜面：没有脚、没有手，背起房子就会走（射动物一）,谜底：蜗牛
谜面：南阳诸葛亮，坐在将军帐，排成八卦阵，要捉飞来将（射动物一）,谜底：蜘蛛
谜面：日出满山去，黄昏归满堂，年年出新主，日日采花郎（射动物一）,谜底：蜜蜂
谜面：两兄弟，手拉手，一个转，一个留（射文具用品一）,谜底：圆规
谜面：一声呼出喜怒哀乐，十指摇动古今事由（射传统戏一）,谜底：布袋戏
谜面：在呋疲ㄉ涿瞿匣靶后语一）,谜底：无稳
谜面：葫芦墩白米（射闽南话歇后语一）,谜底：无错
谜面：归吆煤茫ㄉ涿瞿匣靶后语一）,谜底：无锉
谜面：牛呐亩荚鼓悖ū岢莆剑,谜底：丑八怪
谜面：衣冠楚楚，俘获芳心（成语）,谜底：穿井得人
谜面：今日秋尽。 （射中药名一）,谜底：明天冬
谜面：仲尼日月（射古人名一）,谜底：孔明
谜面：落花满地不惊心（射古人名一）,谜底：谢安
谜面：降落伞（射古人名一）,谜底：张飞
谜面：仲尼日月也。（射成语一句）,谜底：一孔之见
谜面：南北安全，左右倾斜。（射成语一句）,谜底：东倒西歪
谜面：西施脸上出天花（射成语一句）,谜底：美中不足
谜面：五句话（射成语一句）,谜底：三言两语
谜面：心无二用（射成语一句）,谜底：一心一意
谜面：游泳比赛（射成语一句）,谜底：力争上游
谜面：万年青（射成语一句）,谜底：长生不老
谜面：导游（射成语一句）,谜底：引人入胜
谜面：铁公鸡（射成语一句）,谜底：一毛不拔
谜面：爬楼梯（射成语一句）,谜底：步步高升
谜面：戒之在斗（射唐五言诗一句）,谜底：莫学武陵人
谜面：除夕守岁（射论语一句）,谜底：终夜不寝
谜面：劝君更尽一杯酒（射离合字一）,谜底：口口回
谜面：朱门美脯臭（射离合字一）,谜底：府肉腐
谜面：十五天（射国字一）,谜底：胖
谜面：十个哥哥（射国字一）,谜底：克
谜面：两人十四个心（射国字一）,谜底：德
谜面：上无兄长（射国字一）,谜底：歌
谜面：多一半（射国字一）,谜底：夕
谜面：半部春秋（射国字一）,谜底：秦
谜面：岳父大人（射国字一）,谜底：仗
谜面：笑语声中喜相逢(打一文艺名词),谜底：音乐会
谜面：牛头马面挂两边(打一口语),谜底：装神弄鬼，想吓唬谁？
谜面：家家迎元宵(学校用语),谜底：第二节
谜面：齐唱(打一成语),谜底：异口同声
谜面：二十四小时(打一成语),谜底：一朝一夕
谜面：但愿花长开(打一礼貌用语),谜底：不要多谢
谜面：莫等闲白了少年头打《红楼梦》中一人物,谜底：惜春
谜面：文明(猜一人名),谜底：朱时茂
谜面：下棋落子无俗手(打一国内家电品牌),谜底：步步高
谜面：清明前夜(打一传统节日),谜底：元宵
谜面：正月一去，再不出头(打一美国前总统),谜底：林肯
谜面：迁怒(打一国名),谜底：挪威
谜面：夏至(打一成语),谜底：地久天长
谜面：写点东西留人间(打一字),谜底：火
谜面：眉来眼去惹是非(打一字),谜底：声
谜面：初生月映之江畔(打一字),谜底：岸
谜面：天涯何处无芳草(打一成语),谜底：不毛之地
谜面：水管结冰用火攻(打一成语),谜底：融会贯通
谜面：生无常怪异多（11画字）,谜底：傀叶国泉
谜面：三五婵娟影，映入钱塘中（电影）,谜底：八女投江武骝
谜面：大世界与上海黄楚九（上海世博会标语）,谜底：地球・城市・人苏德友
谜面：不战而屈人之兵，善之善者也（2008新词语二）,谜底：软降、招优武骝
谜面：及笄始合卺（外币带量）,谜底：十五日圆
谜面：玉笋秋波思终日（成语）,谜底：手眼通天
谜面：列车首发到来年（4字网络用语）,谜底：开始下载
谜面：刚峰受命查港务（4字曲艺新词）,谜底：海派清口
谜面：夺金扬威传天下（4字电视用语）,谜底：冠名播出
谜面：过尽千帆皆不是（外国航空公司简称）,谜底：全日空
谜面：赤条条来去无牵挂（4字航天名词）,谜底：太空行走
谜面：典籍选载千古对（社会活动，卷帘）,谜底：联名上书
谜面：举案齐眉（古官名冠姓）,谜底：孟侍郎
谜面：客有吹洞箫者，倚歌而和之（成语）,谜底：助人为乐
谜面：食宿官兵去百人（旅游设施）,谜底：宾馆
谜面：冥冥夜雨落双桥（作家）,谜底：六六
谜面：惺惺惜惺惺（电器冠量）,谜底：两个互感器
谜面：叠叠荷叶上高天（2010春晚歌曲）,谜底：一亩田
谜面：嫁与富二代（称谓二）,谜底：发小、伙伴
谜面：满眼风波多闪灼（4字电信名词）,谜底：来电显示
谜面：城市，让生活更美好（《水浒传》人物二）,谜底：郭盛、包吉
谜面：王子犯法庶民同罪（北京老字号）,谜底：都一处天津
谜面：桥头佳人相道别(打一字),谜底：樱
谜面：相依相伴对残月(打一字),谜底：羽
谜面：望断南飞雁(打一日常用语),谜底：久仰
谜面：上上下下，不上不下(猜一字),谜底：卡
谜面：姚明一溜烟（打一体育词语）,谜底：男子长跑
谜面：书签(猜一字),谜底：颊
谜面：中山立志振华夏（古书目）,谜底：文心雕龙
谜面：出水芙蓉(猜花名),谜底：荷花
谜面：哑姑(打一成语),谜底：妙不可言
谜面：一点不假（旅游胜地名）,谜底：滇池
谜面：行行重行行（河南地名）,谜底：漯河
谜面：十分精巧（广东地名）,谜底：湛江
谜面：洞房花烛夜(中药名),谜底：桔梗
谜面：国际第一(司法名词),谜底：扣押
谜面：儿童不宜(猜数学用语),谜底：无限大
谜面：地狱狭窄(猜两字),谜底：小区
谜面：柳拂翠首携幼主(打两字),谜底：羽樱
谜面：悬崖勒缰(猜一国家名),谜底：危地马拉
谜面：愿用家财万贯，买个太阳不下山（4字教育用语）,谜底：自费留日
谜面：狼牙山壮士跳崖(成语),谜底：五体投地
谜面：公主出世(礼貌用语),谜底：贵姓
谜面：吕奉先雄心十足(猜时人),谜底：布什
谜面：不难分解锦(打一昆虫),谜底：蜥蜴
谜面：板门店和谈(猜一成语),谜底：美不胜收
谜面：夜半新月挂枝头(猜一字),谜底：季
谜面：芳龄几何(一古人名),谜底：盘庚
谜面：一贯重视自我批评(党史人名),谜底：向警予
谜面：话说长城(党史人名二),谜底：陈云、万里
谜面：昨日之日不可留(一国家名),谜底：乍得
谜面：可(一集邮名词),谜底：四联方
谜面：人生七十古来稀(一成语卷帘格),谜底：少年老成
谜面：十有四五皆倒戈(猜一离合字),谜底：半反叛
谜面：江郎才尽(打一离合字),谜底：文思惫
谜面：牲(中药名二),谜底：牵牛.独活
谜面：频哭上苍何不应猜中药名二,谜底：苦参、天麻
谜面：聚餐(猜金融名词),谜底：进口合同
谜面：勇一半，谋一半（猜一字）,谜底：诵
谜面：牛羊马齐全，还可闻猪声(猜一字),谜底：朱
谜面：相聚西湖边，泪别断桥前(猜一字),谜底：湘
谜面：明月松间照，清泉石上流（打二字词语）,谜底：影响
谜面：劝君更尽一杯酒（打一欧洲地名）,谜底：巴尔干
谜面：寄书长不达(打一成语),谜底：难以置信
谜面：魏武挥鞭（猜一名词）,谜底：操行
谜面：日落星出月当头(猜一名),谜底：词生肖
谜面：一见钟情(猜五唐句一),谜底：相看两不厌
谜面：望而生喜(猜五唐句一),谜底：十五始展眉
谜面：包龙图一言不发(猜五唐句一),谜底：青天无片云
谜面：残阳如血(猜一花卉名),谜底：晚来红
谜面：相见时难别亦难 （打一成语）,谜底：祸不单行
谜面：齐心抓重点，欣然向前进(猜一字),谜底：斧
谜面：羞颜未开前缘定(猜一字),谜底：纽
谜面：进口连衣裙(猜一字),谜底：尹
谜面：清除(猜一成语),谜底：满不在乎
谜面：化妆讲座(猜一成语),谜底：谈何容易
谜面：洞房第一曲 （打一酒名）,谜底：孔府家酒
谜面：生财有道(打一出版名),谜底：词发行
谜面：大漠孤烟直，长河落日圆。 （打一成语）,谜底：风平浪静
